{
  "controller": "gs-pid",
  "baseline_params": {
    "Kp": 0.005208,
    "Ki": 0.000324,
    "Kd": 0.016524,
    "q_ref": 500.0
  },
  "results": {
    "0.0": {
      "wind_level": 0.0,
      "controller": "gs-pid",
      "params": {
        "Kp": 0.01720176637735971,
        "Ki": 0.0010140647158714483,
        "Kd": 0.004068946187330003,
        "q_ref": 486.8209649474917
      },
      "mean_spin": 9.44227076238139,
      "std_spin": 4.0320617336182085,
      "objective": 17.506394229617808,
      "success_rate": 1.0,
      "n_evaluations": 125
    },
    "1.0": {
      "wind_level": 1.0,
      "controller": "gs-pid",
      "params": {
        "Kp": 0.018908806817510358,
        "Ki": 0.00022566883812847336,
        "Kd": 0.04641274540924307,
        "q_ref": 795.5810889307398
      },
      "mean_spin": 12.536310093432947,
      "std_spin": 0.38392824566625244,
      "objective": 13.304166584765452,
      "success_rate": 1.0,
      "n_evaluations": 235
    },
    "2.0": {
      "wind_level": 2.0,
      "controller": "gs-pid",
      "params": {
        "Kp": 0.006831296523478682,
        "Ki": 0.0025380529670851653,
        "Kd": 0.044503826982735396,
        "q_ref": 760.2748652314929
      },
      "mean_spin": 13.018461968038702,
      "std_spin": 1.0157975766517806,
      "objective": 15.050057121342263,
      "success_rate": 1.0,
      "n_evaluations": 165
    },
    "3.0": {
      "wind_level": 3.0,
      "controller": "gs-pid",
      "params": {
        "Kp": 0.005465196182427952,
        "Ki": 0.0055167098969173675,
        "Kd": 0.04485919133263752,
        "q_ref": 516.0096435716922
      },
      "mean_spin": 14.174158480996226,
      "std_spin": 1.4781976465790196,
      "objective": 17.130553774154265,
      "success_rate": 1.0,
      "n_evaluations": 190
    },
    "5.0": {
      "wind_level": 5.0,
      "controller": "gs-pid",
      "params": {
        "Kp": 0.0010944646917190465,
        "Ki": 0.004707568087170718,
        "Kd": 0.044309476338717166,
        "q_ref": 746.8414730376865
      },
      "mean_spin": 14.678286971177334,
      "std_spin": 1.2815345906295923,
      "objective": 17.24135615243652,
      "success_rate": 1.0,
      "n_evaluations": 220
    }
  }
}
