{
  "controller": "gs-pid",
  "baseline_params": {
    "Kp": 0.005208,
    "Ki": 0.000324,
    "Kd": 0.016524,
    "q_ref": 500.0
  },
  "results": {
    "0.0": {
      "wind_level": 0.0,
      "controller": "gs-pid",
      "params": {
        "Kp": 0.12919374765376118,
        "Ki": 0.04501754516808629,
        "Kd": 0.20400042750373099,
        "q_ref": 414.65447373174766
      },
      "mean_spin": 3.0075791558329255,
      "std_spin": 0.36562349631134755,
      "objective": 3.7388261484556207,
      "success_rate": 1.0,
      "n_evaluations": 175
    },
    "1.0": {
      "wind_level": 1.0,
      "controller": "gs-pid",
      "params": {
        "Kp": 0.03959357665239148,
        "Ki": 0.016718601136962004,
        "Kd": 0.22962204436034866,
        "q_ref": 903.98405220129
      },
      "mean_spin": 13.597190817068206,
      "std_spin": 10.516817953449472,
      "objective": 34.63082672396715,
      "success_rate": 0.9,
      "n_evaluations": 145
    },
    "2.0": {
      "wind_level": 2.0,
      "controller": "gs-pid",
      "params": {
        "Kp": 0.17472084437593513,
        "Ki": 0.04858881837426311,
        "Kd": 0.3481155831666155,
        "q_ref": 942.3133239283317
      },
      "mean_spin": 24.384837331425178,
      "std_spin": 19.695776530361414,
      "objective": 66.276390392148,
      "success_rate": 0.75,
      "n_evaluations": 170
    },
    "3.0": {
      "wind_level": 3.0,
      "controller": "gs-pid",
      "params": {
        "Kp": 0.13757422348121612,
        "Ki": 0.031235989247488532,
        "Kd": 0.11510707496334595,
        "q_ref": 223.07343486502242
      },
      "mean_spin": 19.52195644766223,
      "std_spin": 10.408346851171041,
      "objective": 40.33865015000431,
      "success_rate": 0.8,
      "n_evaluations": 145
    },
    "5.0": {
      "wind_level": 5.0,
      "controller": "gs-pid",
      "params": {
        "Kp": 0.08626732469977612,
        "Ki": 0.008566348174437043,
        "Kd": 0.29786623106498933,
        "q_ref": 739.4611280851138
      },
      "mean_spin": 23.727233935210286,
      "std_spin": 10.136747323668473,
      "objective": 44.00072858254723,
      "success_rate": 0.8,
      "n_evaluations": 130
    }
  }
}
