{
  "controller": "gs-pid",
  "baseline_params": {
    "Kp": 0.005208,
    "Ki": 0.000324,
    "Kd": 0.016524,
    "q_ref": 500.0
  },
  "results": {
    "0.0": {
      "wind_level": 0.0,
      "controller": "gs-pid",
      "params": {
        "Kp": 0.19928820295400562,
        "Ki": 0.003361086437832103,
        "Kd": 0.15039021082490106,
        "q_ref": 972.335481031035
      },
      "mean_spin": 3.0359350444015742,
      "std_spin": 0.6206763112765238,
      "objective": 4.277287666954622,
      "success_rate": 1.0,
      "n_evaluations": 140
    },
    "1.0": {
      "wind_level": 1.0,
      "controller": "gs-pid",
      "params": {
        "Kp": 0.07370930335434543,
        "Ki": 0.015042180312242519,
        "Kd": 0.11648874959472752,
        "q_ref": 616.6914343603452
      },
      "mean_spin": 14.675860839637759,
      "std_spin": 7.44348440382625,
      "objective": 29.562829647290258,
      "success_rate": 0.9,
      "n_evaluations": 180
    },
    "2.0": {
      "wind_level": 2.0,
      "controller": "gs-pid",
      "params": {
        "Kp": 0.08750372074690727,
        "Ki": 0.03822100898372872,
        "Kd": 0.25440839918707264,
        "q_ref": 501.88712121366433
      },
      "mean_spin": 23.836679636068904,
      "std_spin": 14.941465547016604,
      "objective": 58.71961073010212,
      "success_rate": 0.7,
      "n_evaluations": 170
    },
    "3.0": {
      "wind_level": 3.0,
      "controller": "gs-pid",
      "params": {
        "Kp": 0.16310747271425427,
        "Ki": 0.04187776255510624,
        "Kd": 0.22061904155656156,
        "q_ref": 457.7213830210431
      },
      "mean_spin": 26.851010874123205,
      "std_spin": 22.30170320561069,
      "objective": 78.95441728534459,
      "success_rate": 0.65,
      "n_evaluations": 195
    },
    "5.0": {
      "wind_level": 5.0,
      "controller": "gs-pid",
      "params": {
        "Kp": 0.19674251653418723,
        "Ki": 0.01418384511832619,
        "Kd": 0.24073923301418543,
        "q_ref": 227.03552603623052
      },
      "mean_spin": 18.7213127921793,
      "std_spin": 11.23550300663728,
      "objective": 41.192318805453866,
      "success_rate": 0.8,
      "n_evaluations": 85
    }
  }
}
