{
  "controller": "gs-pid",
  "baseline_params": {
    "Kp": 0.005208,
    "Ki": 0.000324,
    "Kd": 0.016524,
    "q_ref": 500.0
  },
  "results": {
    "0.0": {
      "wind_level": 0.0,
      "controller": "gs-pid",
      "params": {
        "Kp": 0.06331260249986262,
        "Ki": 0.030657514777425687,
        "Kd": 0.19034700862841666,
        "q_ref": 318.7963940864797
      },
      "mean_spin": 3.0022357295995206,
      "std_spin": 0.2471012558904886,
      "objective": 3.4964382413804977,
      "success_rate": 1.0,
      "n_evaluations": 130
    },
    "1.0": {
      "wind_level": 1.0,
      "controller": "gs-pid",
      "params": {
        "Kp": 0.09500098494115104,
        "Ki": 0.007389517340901364,
        "Kd": 0.24000859292159119,
        "q_ref": 477.1987044729005
      },
      "mean_spin": 12.004738450045762,
      "std_spin": 6.960662782889812,
      "objective": 25.926064015825386,
      "success_rate": 1.0,
      "n_evaluations": 145
    },
    "2.0": {
      "wind_level": 2.0,
      "controller": "gs-pid",
      "params": {
        "Kp": 0.1090613016506078,
        "Ki": 0.03887491261196137,
        "Kd": 0.3367855678658744,
        "q_ref": 985.9164132418118
      },
      "mean_spin": 21.34679764909288,
      "std_spin": 11.122066028374704,
      "objective": 48.59092970584229,
      "success_rate": 0.7,
      "n_evaluations": 195
    },
    "3.0": {
      "wind_level": 3.0,
      "controller": "gs-pid",
      "params": {
        "Kp": 0.04688640324614395,
        "Ki": 0.045972582474311394,
        "Kd": 0.3738265944386461,
        "q_ref": 516.0096435716922
      },
      "mean_spin": 25.210917781021937,
      "std_spin": 11.553160337119705,
      "objective": 63.31723845526135,
      "success_rate": 0.5,
      "n_evaluations": 145
    },
    "5.0": {
      "wind_level": 5.0,
      "controller": "gs-pid",
      "params": {
        "Kp": 0.17982128632051772,
        "Ki": 0.001964790968318593,
        "Kd": 0.34425668761167766,
        "q_ref": 257.53776481441173
      },
      "mean_spin": 25.952931390913836,
      "std_spin": 9.428845961561805,
      "objective": 59.81062331403744,
      "success_rate": 0.5,
      "n_evaluations": 180
    }
  }
}
