{
  "controller": "gs-pid",
  "baseline_params": {
    "Kp": 0.005208,
    "Ki": 0.000324,
    "Kd": 0.016524,
    "q_ref": 500.0
  },
  "results": {
    "0.0": {
      "wind_level": 0.0,
      "controller": "gs-pid",
      "params": {
        "Kp": 0.1846319859029453,
        "Ki": 0.0447220870363743,
        "Kd": 0.14784484604357798,
        "q_ref": 636.3728160831513
      },
      "mean_spin": 3.074595652672248,
      "std_spin": 0.5088663864868989,
      "objective": 4.092328425646046,
      "success_rate": 1.0,
      "n_evaluations": 145
    },
    "1.0": {
      "wind_level": 1.0,
      "controller": "gs-pid",
      "params": {
        "Kp": 0.06485438011821937,
        "Ki": 0.00874799083370156,
        "Kd": 0.11419907920528778,
        "q_ref": 861.551895825671
      },
      "mean_spin": 15.253139740643828,
      "std_spin": 9.25545282048163,
      "objective": 33.76404538160709,
      "success_rate": 0.85,
      "n_evaluations": 145
    },
    "2.0": {
      "wind_level": 2.0,
      "controller": "gs-pid",
      "params": {
        "Kp": 0.08765983515925299,
        "Ki": 0.02490324042529717,
        "Kd": 0.22968911351824703,
        "q_ref": 680.8565129748139
      },
      "mean_spin": 23.490753442028236,
      "std_spin": 15.723764096412022,
      "objective": 59.93828163485229,
      "success_rate": 0.7,
      "n_evaluations": 180
    },
    "3.0": {
      "wind_level": 3.0,
      "controller": "gs-pid",
      "params": {
        "Kp": 0.04688640324614395,
        "Ki": 0.045972582474311394,
        "Kd": 0.3738265944386461,
        "q_ref": 516.0096435716922
      },
      "mean_spin": 28.98312060228856,
      "std_spin": 24.01489934518451,
      "objective": 84.51291929265759,
      "success_rate": 0.65,
      "n_evaluations": 145
    },
    "5.0": {
      "wind_level": 5.0,
      "controller": "gs-pid",
      "params": {
        "Kp": 0.015736817608671613,
        "Ki": 0.010253504307634494,
        "Kd": 0.28002746694266634,
        "q_ref": 776.5077607530819
      },
      "mean_spin": 19.10157941273156,
      "std_spin": 14.977873816500212,
      "objective": 49.05732704573198,
      "success_rate": 0.9,
      "n_evaluations": 245
    }
  }
}
