{
  "controller": "gs-pid",
  "baseline_params": {
    "Kp": 0.005208,
    "Ki": 0.000324,
    "Kd": 0.016524,
    "q_ref": 500.0
  },
  "results": {
    "0.0": {
      "wind_level": 0.0,
      "controller": "gs-pid",
      "params": {
        "Kp": 0.02373696089868884,
        "Ki": 0.0025922220848399098,
        "Kd": 0.024402955303704496,
        "q_ref": 719.623777994399
      },
      "mean_spin": 3.03025445279968,
      "std_spin": 0.500778619818453,
      "objective": 4.031811692436586,
      "success_rate": 1.0,
      "n_evaluations": 145
    },
    "1.0": {
      "wind_level": 1.0,
      "controller": "gs-pid",
      "params": {
        "Kp": 0.0126261221208326,
        "Ki": 0.00039479451448205674,
        "Kd": 0.03747885016695837,
        "q_ref": 550.2987720014651
      },
      "mean_spin": 6.209228210293092,
      "std_spin": 1.201313562514913,
      "objective": 8.611855335322918,
      "success_rate": 1.0,
      "n_evaluations": 150
    },
    "2.0": {
      "wind_level": 2.0,
      "controller": "gs-pid",
      "params": {
        "Kp": 0.00428458354639602,
        "Ki": 0.0018007661935542753,
        "Kd": 0.0383259384857826,
        "q_ref": 664.2523459271378
      },
      "mean_spin": 9.13002822626742,
      "std_spin": 3.1471014929303465,
      "objective": 15.424231212128113,
      "success_rate": 1.0,
      "n_evaluations": 180
    },
    "3.0": {
      "wind_level": 3.0,
      "controller": "gs-pid",
      "params": {
        "Kp": 0.01721983515290937,
        "Ki": 0.0049751090430052965,
        "Kd": 0.02597116661220683,
        "q_ref": 568.976443046445
      },
      "mean_spin": 9.045997190489482,
      "std_spin": 5.1210517742620585,
      "objective": 19.2881007390136,
      "success_rate": 1.0,
      "n_evaluations": 210
    },
    "5.0": {
      "wind_level": 5.0,
      "controller": "gs-pid",
      "params": {
        "Kp": 0.010779125676787736,
        "Ki": 0.00027538360832355356,
        "Kd": 0.04025939338309963,
        "q_ref": 897.6445921638417
      },
      "mean_spin": 14.248220945535138,
      "std_spin": 5.108345224913559,
      "objective": 24.464911395362257,
      "success_rate": 1.0,
      "n_evaluations": 240
    }
  }
}
