{
  "baseline": {
    "kp": 0.005208,
    "ki": 0.000324,
    "kd": 0.016524,
    "score": 180.57116141133798,
    "weighted_spin": 60.57116141133797,
    "success_penalty": 120.0,
    "by_wind": {
      "0.0": {
        "mean_spin": 57.97524180412938,
        "std_spin": 0.4791172325226077,
        "success_rate": 0.0
      },
      "1.0": {
        "mean_spin": 59.340891935176344,
        "std_spin": 0.6627523241433435,
        "success_rate": 0.0
      },
      "3.0": {
        "mean_spin": 62.68177971822305,
        "std_spin": 4.142089697428277,
        "success_rate": 0.0
      }
    },
    "q_ref": 500.0
  },
  "optimized": {
    "kp": 0.17701411789070426,
    "ki": 0.03713390184371526,
    "kd": 0.052729565556260086,
    "score": 167.64168292032008,
    "weighted_spin": 47.64168292032009,
    "success_penalty": 120.0,
    "by_wind": {
      "0.0": {
        "mean_spin": 40.68951553995289,
        "std_spin": 3.8173283405781984,
        "success_rate": 0.0
      },
      "1.0": {
        "mean_spin": 46.38472169104042,
        "std_spin": 2.345853848938129,
        "success_rate": 0.0
      },
      "3.0": {
        "mean_spin": 51.70917160103416,
        "std_spin": 4.536765629003855,
        "success_rate": 0.0
      }
    },
    "q_ref": 1189.4029646929453
  },
  "config_path": "configs/aerotech_j800_wind.yaml",
  "controller_type": "GS-PID (IMU)",
  "imu": true,
  "wind_levels": [
    0.0,
    1.0,
    3.0
  ],
  "wind_weights": {
    "0.0": 0.2,
    "1.0": 0.35,
    "3.0": 0.45
  },
  "n_episodes": 5,
  "n_lhs_samples": 40,
  "lhs_top10": [
    {
      "kp": 0.1825750859314953,
      "ki": 0.035947907147474666,
      "kd": 0.05104334725463168,
      "score": 144.36663451493592,
      "weighted_spin": 44.36663451493593,
      "success_penalty": 100.0,
      "by_wind": {
        "0.0": {
          "mean_spin": 31.005494152648346,
          "std_spin": 16.483741680461108,
          "success_rate": 0.4
        },
        "1.0": {
          "mean_spin": 45.35201223913275,
          "std_spin": 2.380997236704481,
          "success_rate": 0.0
        },
        "3.0": {
          "mean_spin": 49.53851422379955,
          "std_spin": 2.303748736409204,
          "success_rate": 0.0
        }
      },
      "q_ref": 1211.9130684355273
    },
    {
      "kp": 0.11914211765261416,
      "ki": 0.02048969137054984,
      "kd": 0.27394348454582484,
      "score": 188.81950824348303,
      "weighted_spin": 68.81950824348304,
      "success_penalty": 120.0,
      "by_wind": {
        "0.0": {
          "mean_spin": 66.4522572048367,
          "std_spin": 0.3836811731434569,
          "success_rate": 0.0
        },
        "1.0": {
          "mean_spin": 67.91806680844951,
          "std_spin": 0.8499288267530871,
          "success_rate": 0.0
        },
        "3.0": {
          "mean_spin": 70.57274093235195,
          "std_spin": 1.560456439960033,
          "success_rate": 0.0
        }
      },
      "q_ref": 367.71607794993474
    },
    {
      "kp": 0.13125092534497948,
      "ki": 0.016597954812712434,
      "kd": 0.03867901701860213,
      "score": 189.95280002878798,
      "weighted_spin": 69.95280002878798,
      "success_penalty": 120.0,
      "by_wind": {
        "0.0": {
          "mean_spin": 54.33929483454534,
          "std_spin": 13.936899023658755,
          "success_rate": 0.0
        },
        "1.0": {
          "mean_spin": 72.58699510261445,
          "std_spin": 1.080065928085814,
          "success_rate": 0.0
        },
        "3.0": {
          "mean_spin": 74.84331727991966,
          "std_spin": 2.4173504011097777,
          "success_rate": 0.0
        }
      },
      "q_ref": 9293.46547977041
    },
    {
      "kp": 0.034897032233282756,
      "ki": 0.0491186578789601,
      "kd": 0.04497534872157427,
      "score": 194.18702524175816,
      "weighted_spin": 74.18702524175816,
      "success_penalty": 120.0,
      "by_wind": {
        "0.0": {
          "mean_spin": 70.46676412084227,
          "std_spin": 0.35614976884131044,
          "success_rate": 0.0
        },
        "1.0": {
          "mean_spin": 71.30894408134938,
          "std_spin": 2.8504619373544653,
          "success_rate": 0.0
        },
        "3.0": {
          "mean_spin": 78.07898219803872,
          "std_spin": 5.3003948523325155,
          "success_rate": 0.0
        }
      },
      "q_ref": 13220.413851750533
    },
    {
      "kp": 0.10132370876935917,
      "ki": 0.017612373911303738,
      "kd": 0.11198981456062032,
      "score": 196.18604170654618,
      "weighted_spin": 76.18604170654618,
      "success_penalty": 120.0,
      "by_wind": {
        "0.0": {
          "mean_spin": 74.69662983077271,
          "std_spin": 0.4136642448446435,
          "success_rate": 0.0
        },
        "1.0": {
          "mean_spin": 76.22719185153687,
          "std_spin": 0.9225097119597596,
          "success_rate": 0.0
        },
        "3.0": {
          "mean_spin": 76.81599687189717,
          "std_spin": 1.7154180988416137,
          "success_rate": 0.0
        }
      },
      "q_ref": 4728.0594055429665
    },
    {
      "kp": 0.08392352838535642,
      "ki": 0.042854969209829154,
      "kd": 0.26009814428598427,
      "score": 196.41326509988977,
      "weighted_spin": 76.41326509988978,
      "success_penalty": 120.0,
      "by_wind": {
        "0.0": {
          "mean_spin": 74.47912684847465,
          "std_spin": 0.4520542847157107,
          "success_rate": 0.0
        },
        "1.0": {
          "mean_spin": 75.85976729677486,
          "std_spin": 1.2875061813584194,
          "success_rate": 0.0
        },
        "3.0": {
          "mean_spin": 77.70338039183034,
          "std_spin": 2.361234487980008,
          "success_rate": 0.0
        }
      },
      "q_ref": 939.5975959124345
    },
    {
      "kp": 0.011012109206864842,
      "ki": 0.02468555770067476,
      "kd": 0.21806384234961562,
      "score": 197.08582506088754,
      "weighted_spin": 77.08582506088756,
      "success_penalty": 120.0,
      "by_wind": {
        "0.0": {
          "mean_spin": 75.84622949709198,
          "std_spin": 0.2371244484586108,
          "success_rate": 0.0
        },
        "1.0": {
          "mean_spin": 77.36073757434681,
          "std_spin": 1.3637284557516969,
          "success_rate": 0.0
        },
        "3.0": {
          "mean_spin": 77.42293557877282,
          "std_spin": 1.5773725336910625,
          "success_rate": 0.0
        }
      },
      "q_ref": 2199.0873070665707
    },
    {
      "kp": 0.07755267838889962,
      "ki": 0.035061567582881335,
      "kd": 0.07273295297391075,
      "score": 197.0983696800446,
      "weighted_spin": 77.09836968004461,
      "success_penalty": 120.0,
      "by_wind": {
        "0.0": {
          "mean_spin": 71.8463437651757,
          "std_spin": 3.379265511758513,
          "success_rate": 0.0
        },
        "1.0": {
          "mean_spin": 75.9872227914361,
          "std_spin": 0.7541537735326828,
          "success_rate": 0.0
        },
        "3.0": {
          "mean_spin": 80.29682877779297,
          "std_spin": 2.4273633010749958,
          "success_rate": 0.0
        }
      },
      "q_ref": 8535.707626520854
    },
    {
      "kp": 0.142802332674156,
      "ki": 0.029794861246425466,
      "kd": 0.13669097151367046,
      "score": 197.28816427638156,
      "weighted_spin": 77.28816427638156,
      "success_penalty": 120.0,
      "by_wind": {
        "0.0": {
          "mean_spin": 76.53839755626558,
          "std_spin": 0.22394845751745104,
          "success_rate": 0.0
        },
        "1.0": {
          "mean_spin": 76.98935798464456,
          "std_spin": 0.4743209645834678,
          "success_rate": 0.0
        },
        "3.0": {
          "mean_spin": 77.85379882333969,
          "std_spin": 0.8820574631774253,
          "success_rate": 0.0
        }
      },
      "q_ref": 16943.099216039143
    },
    {
      "kp": 0.016725534647664506,