{
  "baseline": {
    "kp": 0.005208,
    "ki": 0.000324,
    "kd": 0.016524,
    "score": 15.476972636359818,
    "weighted_spin": 15.476972636359818,
    "success_penalty": 0.0,
    "by_wind": {
      "0.0": {
        "mean_spin": 12.715022284253248,
        "std_spin": 0.5281772472619887,
        "success_rate": 1.0
      },
      "1.0": {
        "mean_spin": 13.762429025995193,
        "std_spin": 0.9463683640231012,
        "success_rate": 1.0
      },
      "3.0": {
        "mean_spin": 18.038040045357448,
        "std_spin": 3.910568746850338,
        "success_rate": 1.0
      }
    },
    "q_ref": 500.0
  },
  "optimized": {
    "kp": 0.08053867067427697,
    "ki": 0.009770439542728685,
    "kd": 0.24401650421607612,
    "score": 12.495408114496538,
    "weighted_spin": 12.495408114496538,
    "success_penalty": 0.0,
    "by_wind": {
      "0.0": {
        "mean_spin": 10.573669755480825,
        "std_spin": 0.3483191186547952,
        "success_rate": 1.0
      },
      "1.0": {
        "mean_spin": 11.823933331579877,
        "std_spin": 0.8677566195485842,
        "success_rate": 1.0
      },
      "3.0": {
        "mean_spin": 13.87177221632759,
        "std_spin": 2.7662031490858783,
        "success_rate": 1.0
      }
    },
    "q_ref": 2979.0033974176076
  },
  "config_path": "configs/aerotech_j800_wind.yaml",
  "controller_type": "GS-PID",
  "wind_levels": [
    0.0,
    1.0,
    3.0
  ],
  "wind_weights": {
    "0.0": 0.2,
    "1.0": 0.35,
    "3.0": 0.45
  },
  "n_episodes": 10,
  "n_lhs_samples": 60,
  "lhs_top10": [
    {
      "kp": 0.08244753040200964,
      "ki": 0.00956983055584315,
      "kd": 0.25476010863366655,
      "score": 11.444816871887344,
      "weighted_spin": 11.444816871887344,
      "success_penalty": 0.0,
      "by_wind": {
        "0.0": {
          "mean_spin": 10.393273121269596,
          "std_spin": 0.26425531903390365,
          "success_rate": 1.0
        },
        "1.0": {
          "mean_spin": 11.955916756145221,
          "std_spin": 0.5142003601362442,
          "success_rate": 1.0
        },
        "3.0": {
          "mean_spin": 11.514647517739105,
          "std_spin": 0.5382368680484344,
          "success_rate": 1.0
        }
      },
      "q_ref": 2892.2629912750676
    },
    {
      "kp": 0.1262369531004055,
      "ki": 0.04537610151297304,
      "kd": 0.204067183289074,
      "score": 11.462456426900333,
      "weighted_spin": 11.462456426900333,
      "success_penalty": 0.0,
      "by_wind": {
        "0.0": {
          "mean_spin": 10.329652981524607,
          "std_spin": 0.2164821027023145,
          "success_rate": 1.0
        },
        "1.0": {
          "mean_spin": 11.03643224367342,
          "std_spin": 0.7579605917295765,
          "success_rate": 1.0
        },
        "3.0": {
          "mean_spin": 12.297276767354921,
          "std_spin": 2.4469066880253503,
          "success_rate": 1.0
        }
      },
      "q_ref": 3488.3404273130395
    },
    {
      "kp": 0.19544901892357097,
      "ki": 0.016653312806552766,
      "kd": 0.21739876285732282,
      "score": 11.89330624851096,
      "weighted_spin": 11.89330624851096,
      "success_penalty": 0.0,
      "by_wind": {
        "0.0": {
          "mean_spin": 10.253045496567841,
          "std_spin": 0.2207242718601515,
          "success_rate": 1.0
        },
        "1.0": {
          "mean_spin": 10.647844675393944,
          "std_spin": 0.5093296203020762,
          "success_rate": 1.0
        },
        "3.0": {
          "mean_spin": 13.591003361798915,
          "std_spin": 2.375371396921352,
          "success_rate": 1.0
        }
      },
      "q_ref": 6298.065063941623
    },
    {
      "kp": 0.16939634045562996,
      "ki": 0.039051450729823946,
      "kd": 0.28220123820489185,
      "score": 12.092537257107107,
      "weighted_spin": 12.092537257107107,
      "success_penalty": 0.0,
      "by_wind": {
        "0.0": {
          "mean_spin": 10.687243247511748,
          "std_spin": 0.22701261958379396,
          "success_rate": 1.0
        },
        "1.0": {
          "mean_spin": 12.02401617503064,
          "std_spin": 0.8646522809614707,
          "success_rate": 1.0
        },
        "3.0": {
          "mean_spin": 12.770406547431186,
          "std_spin": 1.718328786907173,
          "success_rate": 1.0
        }
      },
      "q_ref": 5019.620648230612
    },
    {
      "kp": 0.1719642236013175,
      "ki": 0.026125616086543308,
      "kd": 0.07572792053878435,
      "score": 12.142570613664084,
      "weighted_spin": 12.142570613664084,
      "success_penalty": 0.0,
      "by_wind": {
        "0.0": {
          "mean_spin": 10.325180284212768,
          "std_spin": 0.400183145711399,
          "success_rate": 1.0
        },
        "1.0": {
          "mean_spin": 11.869600621119156,
          "std_spin": 1.430314302881896,
          "success_rate": 1.0
        },
        "3.0": {
          "mean_spin": 13.16260964317739,
          "std_spin": 0.8158074211225598,
          "success_rate": 1.0
        }
      },
      "q_ref": 10288.341009146037
    },
    {
      "kp": 0.13575958694820683,
      "ki": 0.019028073116061847,
      "kd": 0.1692173223735308,
      "score": 12.326585511188227,
      "weighted_spin": 12.326585511188227,
      "success_penalty": 0.0,
      "by_wind": {
        "0.0": {
          "mean_spin": 10.526051115382575,
          "std_spin": 0.9297457020719018,
          "success_rate": 1.0
        },
        "1.0": {
          "mean_spin": 11.582455590677164,
          "std_spin": 1.4020650849898653,
          "success_rate": 1.0
        },
        "3.0": {
          "mean_spin": 13.705590736388231,
          "std_spin": 1.8402851569071739,
          "success_rate": 1.0
        }
      },
      "q_ref": 5222.525982628269
    },
    {
      "kp": 0.18412253508892404,
      "ki": 0.027762447575500934,
      "kd": 0.26671816298366285,
      "score": 12.403301190940713,
      "weighted_spin": 12.403301190940713,
      "success_penalty": 0.0,
      "by_wind": {
        "0.0": {
          "mean_spin": 10.885114016929162,
          "std_spin": 0.40784967019253776,
          "success_rate": 1.0
        },
        "1.0": {
          "mean_spin": 11.322777857429966,
          "std_spin": 0.2831534730579106,
          "success_rate": 1.0
        },
        "3.0": {
          "mean_spin": 13.918458083231982,
          "std_spin": 3.9227241378883977,
          "success_rate": 1.0
        }
      },
      "q_ref": 3191.909873251736
    },
    {
      "kp": 0.05611011370903402,
      "ki": 0.004249016801431063,
      "kd": 0.12347730435375966,
      "score": 12.44986195788977,
      "weighted_spin": 12.44986195788977,
      "success_penalty": 0.0,
      "by_wind": {
        "0.0": {
          "mean_spin": 10.978678711314277,
          "std_spin": 0.35692378294714733,
          "success_rate": 1.0
        },
        "1.0": {
          "mean_spin": 12.390982345512366,
          "std_spin": 1.2261238882800756,
          "success_rate": 1.0
        },
        "3.0": {
          "mean_spin": 13.1495164326613,
          "std_spin": 1.132342773687915,
          "success_rate": 1.0
        }
      },
      "q_ref": 11742.773344006477
    },
    {
      "kp": 0.01369784396224853,
      "ki": 0.02484277577471095,
      "kd": 0.2001917675645258,
      "score": 12.765586865930928,
      "weighted_spin": 12.765586865930928,
      "success_penalty": 0.0,
      "by_wind": {
        "0.0": {
          "mean_spin": 10.095390615206192,
          "std_spin": 0.2547869212941467,
          "success_rate": 1.0
        },
        "1.0": {
          "mean_spin": 12.410195097403694,
          "std_spin": 1.2027007464915185,
          "success_rate": 1.0
        },
        "3.0": {
          "mean_spin": 14.22875657510755,
          "std_spin": 2.299537239792684,
          "success_rate": 1.0
        }
      },
      "q_ref": 6637.704512196469
    },
    {
      "kp": 0.10324381484111653,