{
  "baseline": {
    "kp": 0.005208,
    "ki": 0.000324,
    "kd": 0.016524,
    "score": 16.70578516549122,
    "weighted_spin": 16.70578516549122,
    "success_penalty": 0.0,
    "by_wind": {
      "0.0": {
        "mean_spin": 13.581310175484145,
        "std_spin": 7.63319937662697,
        "success_rate": 1.0
      },
      "1.0": {
        "mean_spin": 16.393132064750667,
        "std_spin": 5.784197812476989,
        "success_rate": 1.0
      },
      "3.0": {
        "mean_spin": 18.3376153505148,
        "std_spin": 5.109271362297793,
        "success_rate": 1.0
      }
    },
    "q_ref": 500.0
  },
  "optimized": {
    "kp": 0.011909862657623836,
    "ki": 0.0006974947471424774,
    "kd": 0.020358302014059748,
    "score": 11.212423488444777,
    "weighted_spin": 11.212423488444777,
    "success_penalty": 0.0,
    "by_wind": {
      "0.0": {
        "mean_spin": 10.775368821266948,
        "std_spin": 1.2886785740952704,
        "success_rate": 1.0
      },
      "1.0": {
        "mean_spin": 10.573535522578021,
        "std_spin": 1.8037825681448736,
        "success_rate": 1.0
      },
      "3.0": {
        "mean_spin": 11.903582869531288,
        "std_spin": 1.558660259750489,
        "success_rate": 1.0
      }
    },
    "q_ref": 9158.993914564018
  },
  "config_path": "configs/aerotech_j800_wind.yaml",
  "controller_type": "GS-PID (IMU)",
  "imu": true,
  "wind_levels": [
    0.0,
    1.0,
    3.0
  ],
  "wind_weights": {
    "0.0": 0.2,
    "1.0": 0.35,
    "3.0": 0.45
  },
  "n_episodes": 20,
  "n_lhs_samples": 80,
  "lhs_top10": [
    {
      "kp": 0.011990546425768089,
      "ki": 0.0006593678971571695,
      "kd": 0.021143063753873037,
      "score": 10.848020035142127,
      "weighted_spin": 10.848020035142127,
      "success_penalty": 0.0,
      "by_wind": {
        "0.0": {
          "mean_spin": 11.236807004129327,
          "std_spin": 0.23241654117150143,
          "success_rate": 1.0
        },
        "1.0": {
          "mean_spin": 9.817123262191327,
          "std_spin": 2.041781336056371,
          "success_rate": 1.0
        },
        "3.0": {
          "mean_spin": 11.477034427887327,
          "std_spin": 1.9931590282718348,
          "success_rate": 1.0
        }
      },
      "q_ref": 8534.0014163197
    },
    {
      "kp": 0.007150770451548747,
      "ki": 0.003510721186897463,
      "kd": 0.018526694993917733,
      "score": 10.879546787351579,
      "weighted_spin": 10.879546787351579,
      "success_penalty": 0.0,
      "by_wind": {
        "0.0": {
          "mean_spin": 9.886678361383904,
          "std_spin": 1.8237068929961568,
          "success_rate": 1.0
        },
        "1.0": {
          "mean_spin": 11.0146086209831,
          "std_spin": 1.0544407149746589,
          "success_rate": 1.0
        },
        "3.0": {
          "mean_spin": 11.215773550512694,
          "std_spin": 1.8314067786635886,
          "success_rate": 1.0
        }
      },
      "q_ref": 12186.122822143172
    },
    {
      "kp": 0.0144721783869129,
      "ki": 0.0025047783434498797,
      "kd": 0.01915439818872311,
      "score": 10.99895726003179,
      "weighted_spin": 10.99895726003179,
      "success_penalty": 0.0,
      "by_wind": {
        "0.0": {
          "mean_spin": 10.515380826280461,
          "std_spin": 0.467299008558456,
          "success_rate": 1.0
        },
        "1.0": {
          "mean_spin": 11.094898797413222,
          "std_spin": 0.599760902313854,
          "success_rate": 1.0
        },
        "3.0": {
          "mean_spin": 11.13925892373571,
          "std_spin": 0.6937194329254167,
          "success_rate": 1.0
        }
      },
      "q_ref": 18837.780276856345
    },
    {
      "kp": 0.022402979915049952,
      "ki": 0.0042087372121361105,
      "kd": 0.03187148830788439,
      "score": 11.244940448413697,
      "weighted_spin": 11.244940448413697,
      "success_penalty": 0.0,
      "by_wind": {
        "0.0": {
          "mean_spin": 10.692958701343084,
          "std_spin": 0.20186446966708468,
          "success_rate": 1.0
        },
        "1.0": {
          "mean_spin": 11.086651581376392,
          "std_spin": 0.6234865526324794,
          "success_rate": 1.0
        },
        "3.0": {
          "mean_spin": 11.613379232585208,
          "std_spin": 0.8295446562426912,
          "success_rate": 1.0
        }
      },
      "q_ref": 8853.947446324006
    },
    {
      "kp": 0.004026371797196126,
      "ki": 0.002893377288762746,
      "kd": 0.03544074102111612,
      "score": 11.257905421550396,
      "weighted_spin": 11.257905421550396,
      "success_penalty": 0.0,
      "by_wind": {
        "0.0": {
          "mean_spin": 10.662471365668882,
          "std_spin": 0.4930416161043653,
          "success_rate": 1.0
        },
        "1.0": {
          "mean_spin": 11.388469054161822,
          "std_spin": 0.8180736965922267,
          "success_rate": 1.0
        },
        "3.0": {
          "mean_spin": 11.420993287688846,
          "std_spin": 0.8715749838479133,
          "success_rate": 1.0
        }
      },
      "q_ref": 9422.982739885205
    },
    {
      "kp": 0.016594425635172376,
      "ki": 0.005506119472737606,
      "kd": 0.03161852092329446,
      "score": 11.263890096199479,
      "weighted_spin": 11.263890096199479,
      "success_penalty": 0.0,
      "by_wind": {
        "0.0": {
          "mean_spin": 10.683270236738807,
          "std_spin": 0.6203595803065711,
          "success_rate": 1.0
        },
        "1.0": {
          "mean_spin": 11.304622291576724,
          "std_spin": 0.6535235280231446,
          "success_rate": 1.0
        },
        "3.0": {
          "mean_spin": 11.490262770666366,
          "std_spin": 1.2157643718229123,
          "success_rate": 1.0
        }
      },
      "q_ref": 7406.456925875267
    },
    {
      "kp": 0.009908493317283891,
      "ki": 0.0045131202817950845,
      "kd": 0.02502463466852966,
      "score": 11.270899694692533,
      "weighted_spin": 11.270899694692533,
      "success_penalty": 0.0,
      "by_wind": {
        "0.0": {
          "mean_spin": 10.575846618679574,
          "std_spin": 0.5449497009276661,
          "success_rate": 1.0
        },
        "1.0": {
          "mean_spin": 11.04739078882626,
          "std_spin": 0.7927281268301086,
          "success_rate": 1.0
        },
        "3.0": {
          "mean_spin": 11.753652433038727,
          "std_spin": 0.7317421076692564,
          "success_rate": 1.0
        }
      },
      "q_ref": 12368.9324049388
    },
    {
      "kp": 0.0058522070944316985,
      "ki": 0.00513041321859882,
      "kd": 0.02963562058701771,
      "score": 11.374865769873058,
      "weighted_spin": 11.374865769873058,
      "success_penalty": 0.0,
      "by_wind": {
        "0.0": {
          "mean_spin": 10.76287624597109,
          "std_spin": 0.3155138965229609,
          "success_rate": 1.0
        },
        "1.0": {
          "mean_spin": 11.334179523321456,
          "std_spin": 0.4874178833943189,
          "success_rate": 1.0
        },
        "3.0": {
          "mean_spin": 11.678505972258513,
          "std_spin": 0.882588239802028,
          "success_rate": 1.0
        }
      },
      "q_ref": 7766.657008345762
    },
    {
      "kp": 0.013332771646779765,
      "ki": 0.005589308123944938,
      "kd": 0.025848350953214506,
      "score": 11.406877592577406,
      "weighted_spin": 11.406877592577406,
      "success_penalty": 0.0,
      "by_wind": {
        "0.0": {
          "mean_spin": 10.508888277118672,
          "std_spin": 1.686274821783108,
          "success_rate": 1.0
        },
        "1.0": {
          "mean_spin": 11.024569721833306,
          "std_spin": 0.3680014150516624,
          "success_rate": 1.0
        },
        "3.0": {
          "mean_spin": 12.10333452113781,
          "std_spin": 1.5805641729509685,
          "success_rate": 1.0
        }
      },