{
  "baseline": {
    "kp": 0.005208,
    "ki": 0.000324,
    "kd": 0.016524,
    "score": 17.699175170605127,
    "weighted_spin": 17.699175170605127,
    "success_penalty": 0.0,
    "by_wind": {
      "0.0": {
        "mean_spin": 12.041232767077279,
        "std_spin": 6.952864793128343,
        "success_rate": 1.0
      },
      "1.0": {
        "mean_spin": 17.86666230333603,
        "std_spin": 5.784169650614405,
        "success_rate": 1.0
      },
      "3.0": {
        "mean_spin": 20.08354846893791,
        "std_spin": 4.922244206672661,
        "success_rate": 1.0
      }
    },
    "q_ref": 500.0
  },
  "optimized": {
    "kp": 0.021338190783300476,
    "ki": 0.005019752289767405,
    "kd": 0.027051122715222923,
    "score": 11.336664046941205,
    "weighted_spin": 11.336664046941205,
    "success_penalty": 0.0,
    "by_wind": {
      "0.0": {
        "mean_spin": 10.601294387420007,
        "std_spin": 0.5684491404823665,
        "success_rate": 1.0
      },
      "1.0": {
        "mean_spin": 11.045091499254635,
        "std_spin": 0.8175491070949541,
        "success_rate": 1.0
      },
      "3.0": {
        "mean_spin": 11.890273654929072,
        "std_spin": 1.3527988907978317,
        "success_rate": 1.0
      }
    },
    "q_ref": 13267.673777750402
  },
  "config_path": "configs/aerotech_j800_wind.yaml",
  "controller_type": "GS-PID",
  "imu": false,
  "wind_levels": [
    0.0,
    1.0,
    3.0
  ],
  "wind_weights": {
    "0.0": 0.2,
    "1.0": 0.35,
    "3.0": 0.45
  },
  "n_episodes": 20,
  "n_lhs_samples": 80,
  "lhs_top10": [
    {
      "kp": 0.0208104240124823,
      "ki": 0.004825791757154699,
      "kd": 0.02770032132516405,
      "score": 11.031107891627347,
      "weighted_spin": 11.031107891627347,
      "success_penalty": 0.0,
      "by_wind": {
        "0.0": {
          "mean_spin": 10.335190533756176,
          "std_spin": 1.5066430690011785,
          "success_rate": 1.0
        },
        "1.0": {
          "mean_spin": 10.900133606332963,
          "std_spin": 0.6961847685746848,
          "success_rate": 1.0
        },
        "3.0": {
          "mean_spin": 11.442273383687942,
          "std_spin": 1.2733893715717337,
          "success_rate": 1.0
        }
      },
      "q_ref": 13585.716504062359
    },
    {
      "kp": 0.010936818823324205,
      "ki": 0.000940798152589749,
      "kd": 0.026465888657159053,
      "score": 11.179445391077849,
      "weighted_spin": 11.179445391077849,
      "success_penalty": 0.0,
      "by_wind": {
        "0.0": {
          "mean_spin": 10.958489641783807,
          "std_spin": 0.41969889624479395,
          "success_rate": 1.0
        },
        "1.0": {
          "mean_spin": 11.292400899815918,
          "std_spin": 1.122452472214307,
          "success_rate": 1.0
        },
        "3.0": {
          "mean_spin": 11.189793661745593,
          "std_spin": 1.1122828616585472,
          "success_rate": 1.0
        }
      },
      "q_ref": 6738.548797956218
    },
    {
      "kp": 0.015821730070772463,
      "ki": 0.0027379949398819085,
      "kd": 0.03293336492255789,
      "score": 11.309858674844357,
      "weighted_spin": 11.309858674844357,
      "success_penalty": 0.0,
      "by_wind": {
        "0.0": {
          "mean_spin": 10.9528338975062,
          "std_spin": 0.3158043263153711,
          "success_rate": 1.0
        },
        "1.0": {
          "mean_spin": 11.21410785921293,
          "std_spin": 0.3143511040433926,
          "success_rate": 1.0
        },
        "3.0": {
          "mean_spin": 11.543009210263538,
          "std_spin": 0.2719895249663245,
          "success_rate": 1.0
        }
      },
      "q_ref": 14868.217204961675
    },
    {
      "kp": 0.004026371797196126,
      "ki": 0.002893377288762746,
      "kd": 0.03544074102111612,
      "score": 11.322033180733333,
      "weighted_spin": 11.322033180733333,
      "success_penalty": 0.0,
      "by_wind": {
        "0.0": {
          "mean_spin": 10.650042837766614,
          "std_spin": 0.3851047658238888,
          "success_rate": 1.0
        },
        "1.0": {
          "mean_spin": 11.169701394730232,
          "std_spin": 0.6288965479260168,
          "success_rate": 1.0
        },
        "3.0": {
          "mean_spin": 11.73917583338762,
          "std_spin": 0.8874122759004086,
          "success_rate": 1.0
        }
      },
      "q_ref": 9422.982739885205
    },
    {
      "kp": 0.007530146709771409,
      "ki": 0.0031390265804455654,
      "kd": 0.02758955901361777,
      "score": 11.33404862536938,
      "weighted_spin": 11.33404862536938,
      "success_penalty": 0.0,
      "by_wind": {
        "0.0": {
          "mean_spin": 10.058852285694394,
          "std_spin": 2.0355153764324077,
          "success_rate": 1.0
        },
        "1.0": {
          "mean_spin": 11.383446131533816,
          "std_spin": 0.6272258246689731,
          "success_rate": 1.0
        },
        "3.0": {
          "mean_spin": 11.862382271541478,
          "std_spin": 1.037378675928935,
          "success_rate": 1.0
        }
      },
      "q_ref": 13891.894486971203
    },
    {
      "kp": 0.0144721783869129,
      "ki": 0.0025047783434498797,
      "kd": 0.01915439818872311,
      "score": 11.345611271124802,
      "weighted_spin": 11.345611271124802,
      "success_penalty": 0.0,
      "by_wind": {
        "0.0": {
          "mean_spin": 9.928902541427428,
          "std_spin": 1.464994695841414,
          "success_rate": 1.0
        },
        "1.0": {
          "mean_spin": 11.488658510100155,
          "std_spin": 0.6668940302189509,
          "success_rate": 1.0
        },
        "3.0": {
          "mean_spin": 11.864000631787249,
          "std_spin": 1.565098192810289,
          "success_rate": 1.0
        }
      },
      "q_ref": 18837.780276856345
    },
    {
      "kp": 0.0015808734293313548,
      "ki": 0.0023395510977998906,
      "kd": 0.03063261943287604,
      "score": 11.360263110292186,
      "weighted_spin": 11.360263110292186,
      "success_penalty": 0.0,
      "by_wind": {
        "0.0": {
          "mean_spin": 10.49144694595498,
          "std_spin": 0.4117519040035012,
          "success_rate": 1.0
        },
        "1.0": {
          "mean_spin": 10.96457746332407,
          "std_spin": 0.43918155470734116,
          "success_rate": 1.0
        },
        "3.0": {
          "mean_spin": 12.054159130972813,
          "std_spin": 0.879709133244226,
          "success_rate": 1.0
        }
      },
      "q_ref": 8148.932285096108
    },
    {
      "kp": 0.00296613436352784,
      "ki": 0.003831673209029902,
      "kd": 0.024596028916860465,
      "score": 11.418633684418849,
      "weighted_spin": 11.418633684418849,
      "success_penalty": 0.0,
      "by_wind": {
        "0.0": {
          "mean_spin": 10.441895068906273,
          "std_spin": 0.8270602373396458,
          "success_rate": 1.0
        },
        "1.0": {
          "mean_spin": 11.180491446610507,
          "std_spin": 0.8489774257868884,
          "success_rate": 1.0
        },
        "3.0": {
          "mean_spin": 12.037961476275372,
          "std_spin": 1.0455291729678557,
          "success_rate": 1.0
        }
      },
      "q_ref": 14105.540306699415
    },
    {
      "kp": 0.01346488877797681,
      "ki": 0.001897027021424594,
      "kd": 0.01985376603649252,
      "score": 11.43632724658963,
      "weighted_spin": 11.43632724658963,
      "success_penalty": 0.0,
      "by_wind": {
        "0.0": {
          "mean_spin": 10.718259916812595,
          "std_spin": 0.7764950889399144,
          "success_rate": 1.0
        },
        "1.0": {
          "mean_spin": 10.796527597573988,
          "std_spin": 0.9426408106768263,
          "success_rate": 1.0
        },
        "3.0": {
          "mean_spin": 12.25309023128048,
          "std_spin": 1.10662148432321,
          "success_rate": 1.0
        }
      },