{
  "baseline": {
    "kp": 0.005208,
    "ki": 0.000324,
    "kd": 0.016524,
    "score": 17.870870330925598,
    "weighted_spin": 17.870870330925598,
    "success_penalty": 0.0,
    "by_wind": {
      "0.0": {
        "mean_spin": 16.450920544000535,
        "std_spin": 7.808401441647588,
        "success_rate": 1.0
      },
      "1.0": {
        "mean_spin": 15.865569965085317,
        "std_spin": 6.550985401903311,
        "success_rate": 1.0
      },
      "2.0": {
        "mean_spin": 18.493572688600917,
        "std_spin": 5.033497762593728,
        "success_rate": 1.0
      },
      "3.0": {
        "mean_spin": 18.460069073718707,
        "std_spin": 5.575510467451438,
        "success_rate": 1.0
      },
      "5.0": {
        "mean_spin": 18.98811438867193,
        "std_spin": 5.21231460000974,
        "success_rate": 1.0
      }
    },
    "q_ref": 500.0
  },
  "optimized": {
    "kp": 0.028651709186277123,
    "ki": 0.0061076094073448705,
    "kd": 0.06886740039138906,
    "score": 10.80680353557995,
    "weighted_spin": 10.80680353557995,
    "success_penalty": 0.0,
    "by_wind": {
      "0.0": {
        "mean_spin": 9.95493787263677,
        "std_spin": 0.2453605571655308,
        "success_rate": 1.0
      },
      "1.0": {
        "mean_spin": 10.371804219120234,
        "std_spin": 0.48338678336427,
        "success_rate": 1.0
      },
      "2.0": {
        "mean_spin": 10.696836972493452,
        "std_spin": 0.6202060093021109,
        "success_rate": 1.0
      },
      "3.0": {
        "mean_spin": 10.945218542716713,
        "std_spin": 0.7759130130065808,
        "success_rate": 1.0
      },
      "5.0": {
        "mean_spin": 11.470857840509437,
        "std_spin": 1.234264362448742,
        "success_rate": 1.0
      }
    },
    "q_ref": 5808.956994848813
  },
  "config_path": "configs/aerotech_j800_wind.yaml",
  "controller_type": "GS-PID (IMU)",
  "imu": true,
  "wind_levels": [
    0.0,
    1.0,
    2.0,
    3.0,
    5.0
  ],
  "wind_weights": {
    "0.0": 0.11111111111111112,
    "1.0": 0.19444444444444442,
    "2.0": 0.19444444444444442,
    "3.0": 0.25,
    "5.0": 0.25
  },
  "n_episodes": 30,
  "n_lhs_samples": 160,
  "lhs_top10": [
    {
      "kp": 0.027592617443267332,
      "ki": 0.006726241867580702,
      "kd": 0.06110131619311338,
      "score": 10.9947909748118,
      "weighted_spin": 10.9947909748118,
      "success_penalty": 0.0,
      "by_wind": {
        "0.0": {
          "mean_spin": 10.342734778939274,
          "std_spin": 0.7288216779123995,
          "success_rate": 1.0
        },
        "1.0": {
          "mean_spin": 10.760640602542132,
          "std_spin": 0.6019728910138341,
          "success_rate": 1.0
        },
        "2.0": {
          "mean_spin": 10.68952737850775,
          "std_spin": 0.86228132898342,
          "success_rate": 1.0
        },
        "3.0": {
          "mean_spin": 10.936263385895378,
          "std_spin": 0.8459550000965437,
          "success_rate": 1.0
        },
        "5.0": {
          "mean_spin": 11.762665515228907,
          "std_spin": 1.54837491757847,
          "success_rate": 1.0
        }
      },
      "q_ref": 5939.67596675879
    },
    {
      "kp": 0.018735933675706935,
      "ki": 0.007497791833363767,
      "kd": 0.06726840642003372,
      "score": 11.212121223763205,
      "weighted_spin": 11.212121223763205,
      "success_penalty": 0.0,
      "by_wind": {
        "0.0": {
          "mean_spin": 10.22383662195275,
          "std_spin": 0.2992210159141014,
          "success_rate": 1.0
        },
        "1.0": {
          "mean_spin": 10.407728212848893,
          "std_spin": 0.33181444288456646,
          "success_rate": 1.0
        },
        "2.0": {
          "mean_spin": 10.957428005605928,
          "std_spin": 0.473983168869853,
          "success_rate": 1.0
        },
        "3.0": {
          "mean_spin": 11.551710702813766,
          "std_spin": 0.8788901755711234,
          "success_rate": 1.0
        },
        "5.0": {
          "mean_spin": 12.135503079239644,
          "std_spin": 1.3485401359025506,
          "success_rate": 1.0
        }
      },
      "q_ref": 6998.055449466224
    },
    {
      "kp": 0.02136039582694035,
      "ki": 0.00784993141118649,
      "kd": 0.05891601155939616,
      "score": 11.326097793761889,
      "weighted_spin": 11.326097793761889,
      "success_penalty": 0.0,
      "by_wind": {
        "0.0": {
          "mean_spin": 10.532523657438388,
          "std_spin": 0.6061310468902134,
          "success_rate": 1.0
        },
        "1.0": {
          "mean_spin": 10.647495517780309,
          "std_spin": 0.9108981137078608,
          "success_rate": 1.0
        },
        "2.0": {
          "mean_spin": 11.123061841832918,
          "std_spin": 0.8358363636325578,
          "success_rate": 1.0
        },
        "3.0": {
          "mean_spin": 11.761762411588071,
          "std_spin": 0.9744703912463815,
          "success_rate": 1.0
        },
        "5.0": {
          "mean_spin": 11.928851413787688,
          "std_spin": 1.1797621160431486,
          "success_rate": 1.0
        }
      },
      "q_ref": 7129.152863350386
    },
    {
      "kp": 0.03089444472779163,
      "ki": 0.008307914628896844,
      "kd": 0.03917885275963039,
      "score": 11.357552315666169,
      "weighted_spin": 11.357552315666169,
      "success_penalty": 0.0,
      "by_wind": {
        "0.0": {
          "mean_spin": 10.493639343178337,
          "std_spin": 0.36417579120646937,
          "success_rate": 1.0
        },
        "1.0": {
          "mean_spin": 10.758014080789296,
          "std_spin": 0.4472870368555009,
          "success_rate": 1.0
        },
        "2.0": {
          "mean_spin": 11.445662453237109,
          "std_spin": 0.7282603857446318,
          "success_rate": 1.0
        },
        "3.0": {
          "mean_spin": 11.555006616496605,
          "std_spin": 0.8022710845803381,
          "success_rate": 1.0
        },
        "5.0": {
          "mean_spin": 11.941836744957161,
          "std_spin": 1.014182142242097,
          "success_rate": 1.0
        }
      },
      "q_ref": 9001.128841851005
    },
    {
      "kp": 0.04988806422361005,
      "ki": 0.007736266146651078,
      "kd": 0.06865535995471055,
      "score": 11.38229820579959,
      "weighted_spin": 11.38229820579959,
      "success_penalty": 0.0,
      "by_wind": {
        "0.0": {
          "mean_spin": 10.670051800056296,
          "std_spin": 0.30951636616699163,
          "success_rate": 1.0
        },
        "1.0": {
          "mean_spin": 10.839314697745897,
          "std_spin": 0.32241357410564303,
          "success_rate": 1.0
        },
        "2.0": {
          "mean_spin": 11.245035015789513,
          "std_spin": 0.6937960914324738,
          "success_rate": 1.0
        },
        "3.0": {
          "mean_spin": 11.787842572451904,
          "std_spin": 0.9365686491661576,
          "success_rate": 1.0
        },
        "5.0": {
          "mean_spin": 11.822388562416121,
          "std_spin": 1.1378580078905227,
          "success_rate": 1.0
        }
      },
      "q_ref": 1557.638676882793
    },
    {
      "kp": 0.044656859011311056,
      "ki": 0.004179478992921802,
      "kd": 0.055777286686512446,
      "score": 11.446173624439123,
      "weighted_spin": 11.446173624439123,
      "success_penalty": 0.0,
      "by_wind": {
        "0.0": {
          "mean_spin": 10.757412469841661,
          "std_spin": 0.7434824011827402,
          "success_rate": 1.0
        },
        "1.0": {
          "mean_spin": 10.943868547246609,
          "std_spin": 0.6645490381130416,
          "success_rate": 1.0
        },
        "2.0": {
          "mean_spin": 11.437097440643841,
          "std_spin": 0.7525108116772969,
          "success_rate": 1.0
        },
        "3.0": {
          "mean_spin": 11.401253958600131,
          "std_spin": 0.788212944628867,
          "success_rate": 1.0
        },