{
  "baseline": {
    "kp": 0.005208,
    "ki": 0.000324,
    "kd": 0.016524,
    "score": 43.12770707879713,
    "weighted_spin": 23.12770707879713,
    "success_penalty": 20.0,
    "by_wind": {
      "0.0": {
        "mean_spin": 9.371219818971943,
        "std_spin": 0.6528528597098576,
        "success_rate": 1.0
      },
      "2.0": {
        "mean_spin": 21.158447026286915,
        "std_spin": 12.294236608813007,
        "success_rate": 0.8
      },
      "5.0": {
        "mean_spin": 30.77334812400516,
        "std_spin": 10.964464113106269,
        "success_rate": 0.4
      }
    }
  },
  "optimized": {
    "kp": 0.07854848562736644,
    "ki": 0.008587682193634665,
    "kd": 0.04719820564217161,
    "score": 24.67325865416675,
    "weighted_spin": 19.673258654166748,
    "success_penalty": 5.000000000000004,
    "by_wind": {
      "0.0": {
        "mean_spin": 3.283617496313581,
        "std_spin": 0.3895792719808912,
        "success_rate": 1.0
      },
      "2.0": {
        "mean_spin": 20.899349977392244,
        "std_spin": 11.289656971503414,
        "success_rate": 0.8
      },
      "5.0": {
        "mean_spin": 26.003917028481663,
        "std_spin": 9.355072314055581,
        "success_rate": 0.7
      }
    }
  },
  "config_path": "configs/estes_c6_4fin.yaml",
  "wind_levels": [
    0.0,
    2.0,
    5.0
  ],
  "wind_weights": {
    "0.0": 0.2,
    "2.0": 0.35,
    "5.0": 0.45
  },
  "n_episodes": 10,
  "n_lhs_samples": 40,
  "lhs_top10": [
    {
      "kp": 0.07854847931922375,
      "ki": 0.00817874867729362,
      "kd": 0.04719828948524818,
      "score": 14.038206392107256,
      "weighted_spin": 14.038206392107256,
      "success_penalty": 0.0,
      "by_wind": {
        "0.0": {
          "mean_spin": 3.8384530301720163,
          "std_spin": 0.6875239622555226,
          "success_rate": 1.0
        },
        "2.0": {
          "mean_spin": 13.948582985425556,
          "std_spin": 5.061920709289411,
          "success_rate": 1.0
        },
        "5.0": {
          "mean_spin": 18.641137202608682,
          "std_spin": 4.809162889067688,
          "success_rate": 1.0
        }
      }
    },
    {
      "kp": 0.19039211765261418,
      "ki": 0.004564691370549839,
      "kd": 0.03594348454582484,
      "score": 14.604157557055197,
      "weighted_spin": 14.604157557055197,
      "success_penalty": 0.0,
      "by_wind": {
        "0.0": {
          "mean_spin": 3.4357062447610986,
          "std_spin": 0.268368744511812,
          "success_rate": 1.0
        },
        "2.0": {
          "mean_spin": 16.723892851330863,
          "std_spin": 7.675612796273953,
          "success_rate": 1.0
        },
        "5.0": {
          "mean_spin": 17.91923068919372,
          "std_spin": 9.297981998090517,
          "success_rate": 1.0
        }
      }
    },
    {
      "kp": 0.055816001651383125,
      "ki": 0.027985894920116244,
      "kd": 0.027748152150744616,
      "score": 14.89468101533407,
      "weighted_spin": 14.89468101533407,
      "success_penalty": 0.0,
      "by_wind": {
        "0.0": {
          "mean_spin": 3.7919252782831565,
          "std_spin": 0.5136588274153094,
          "success_rate": 1.0
        },
        "2.0": {
          "mean_spin": 10.417162570414792,
          "std_spin": 4.24834484412024,
          "success_rate": 1.0
        },
        "5.0": {
          "mean_spin": 23.31175346673836,
          "std_spin": 9.057409288730836,
          "success_rate": 0.8
        }
      }
    },
    {
      "kp": 0.14119014917604172,
      "ki": 0.03003064769079385,
      "kd": 0.14158802184816777,
      "score": 15.08986363344141,
      "weighted_spin": 15.08986363344141,
      "success_penalty": 0.0,
      "by_wind": {
        "0.0": {
          "mean_spin": 9.314579591021886,
          "std_spin": 0.1423294696741647,
          "success_rate": 1.0
        },
        "2.0": {
          "mean_spin": 15.536911894315313,
          "std_spin": 7.594259376905589,
          "success_rate": 0.8
        },
        "5.0": {
          "mean_spin": 17.308952338281497,
          "std_spin": 4.277150781929235,
          "success_rate": 1.0
        }
      }
    },
    {
      "kp": 0.19786066679499606,
      "ki": 0.005445772420315088,
      "kd": 0.07651264507805978,
      "score": 15.866523448389174,
      "weighted_spin": 15.866523448389174,
      "success_penalty": 0.0,
      "by_wind": {
        "0.0": {
          "mean_spin": 5.5230234009808825,
          "std_spin": 0.5562024821519248,
          "success_rate": 1.0
        },
        "2.0": {
          "mean_spin": 17.24859163511151,
          "std_spin": 6.327697588111539,
          "success_rate": 1.0
        },
        "5.0": {
          "mean_spin": 19.388692657564377,
          "std_spin": 9.197770607631748,
          "success_rate": 0.8
        }
      }
    },
    {
      "kp": 0.018163426512895514,
      "ki": 0.048415347646735815,
      "kd": 0.057366584396911724,
      "score": 16.49333932417437,
      "weighted_spin": 16.49333932417437,
      "success_penalty": 0.0,
      "by_wind": {
        "0.0": {
          "mean_spin": 3.542040762289028,
          "std_spin": 0.3133078158481548,
          "success_rate": 1.0
        },
        "2.0": {
          "mean_spin": 12.206325845161492,
          "std_spin": 4.4204791291586325,
          "success_rate": 1.0
        },
        "5.0": {
          "mean_spin": 25.583815835355647,
          "std_spin": 12.257435597786673,
          "success_rate": 0.8
        }
      }
    },
    {
      "kp": 0.18355608315630592,
      "ki": 0.04367744207068384,
      "kd": 0.07249268657427646,
      "score": 17.475431139756076,
      "weighted_spin": 17.475431139756076,
      "success_penalty": 0.0,
      "by_wind": {
        "0.0": {
          "mean_spin": 5.183434212350104,
          "std_spin": 0.4234084353283629,
          "success_rate": 1.0
        },
        "2.0": {
          "mean_spin": 14.280364901259532,
          "std_spin": 6.922737121621112,
          "success_rate": 1.0
        },
        "5.0": {
          "mean_spin": 25.423592404100486,
          "std_spin": 12.328679610089285,
          "success_rate": 0.8
        }
      }
    },
    {
      "kp": 0.10611625542727389,
      "ki": 0.045547470057999286,
      "kd": 0.10712494419539402,
      "score": 17.4834526617447,
      "weighted_spin": 17.4834526617447,
      "success_penalty": 0.0,
      "by_wind": {
        "0.0": {
          "mean_spin": 7.806185367551559,
          "std_spin": 0.47322394409020874,
          "success_rate": 1.0
        },
        "2.0": {
          "mean_spin": 17.78873479724185,
          "std_spin": 9.87273484495787,
          "success_rate": 0.8
        },
        "5.0": {
          "mean_spin": 21.54701868711053,
          "std_spin": 5.447655983287271,
          "success_rate": 1.0
        }
      }
    },
    {
      "kp": 0.02090046445152491,
      "ki": 0.008618606936998091,
      "kd": 0.11478758957123161,
      "score": 18.08681222612043,
      "weighted_spin": 18.08681222612043,
      "success_penalty": 0.0,
      "by_wind": {
        "0.0": {
          "mean_spin": 8.619450530477334,
          "std_spin": 0.6576462123840797,
          "success_rate": 1.0
        },
        "2.0": {
          "mean_spin": 24.777160837432497,
          "std_spin": 7.224562783150675,
          "success_rate": 0.8
        },
        "5.0": {
          "mean_spin": 17.090924059830197,
          "std_spin": 7.389229226983039,
          "success_rate": 1.0
        }
      }
    },
    {
      "kp": 0.03525814635611887,
      "ki": 0.031453803207578596,
      "kd": 0.06760064258267424,
      "score": 18.571648079050124,
      "weighted_spin": 18.571648079050124,
      "success_penalty": 0.0,
      "by_wind": {
        "0.0": {
          "mean_spin": 4.649110004159985,
          "std_spin": 0.5885008321732584,
          "success_rate": 1.0
        },
        "2.0": {
          "mean_spin": 21.27654626167527,