{
  "baseline": {
    "kp": 0.005208,
    "ki": 0.000324,
    "kd": 0.016524,
    "score": 15.973860708581455,
    "weighted_spin": 15.973860708581455,
    "success_penalty": 0.0,
    "by_wind": {
      "0.0": {
        "mean_spin": 9.338595171524604,
        "std_spin": 0.6576253313107192,
        "success_rate": 1.0
      },
      "2.0": {
        "mean_spin": 16.050943807546354,
        "std_spin": 5.245719584307756,
        "success_rate": 1.0
      },
      "5.0": {
        "mean_spin": 18.86291409252291,
        "std_spin": 8.47964036483338,
        "success_rate": 0.9
      }
    }
  },
  "optimized": {
    "kp": 0.017688414655628277,
    "ki": 0.0001410509615360223,
    "kd": 0.005361763751397227,
    "score": 10.543243398710308,
    "weighted_spin": 10.543243398710308,
    "success_penalty": 0.0,
    "by_wind": {
      "0.0": {
        "mean_spin": 3.499842619950253,
        "std_spin": 0.614172871322904,
        "success_rate": 1.0
      },
      "2.0": {
        "mean_spin": 10.381666532812647,
        "std_spin": 4.481372633643696,
        "success_rate": 1.0
      },
      "5.0": {
        "mean_spin": 13.799314640524068,
        "std_spin": 7.568617118202592,
        "success_rate": 1.0
      }
    }
  },
  "config_path": "configs/estes_c6_4fin.yaml",
  "controller_type": "PID",
  "imu": false,
  "wind_levels": [
    0.0,
    2.0,
    5.0
  ],
  "wind_weights": {
    "0.0": 0.2,
    "2.0": 0.35,
    "5.0": 0.45
  },
  "n_episodes": 20,
  "n_lhs_samples": 80,
  "lhs_top10": [
    {
      "kp": 0.017167562828492893,
      "ki": 0.00014684820347995659,
      "kd": 0.005107496651723642,
      "score": 8.610941947799235,
      "weighted_spin": 8.610941947799235,
      "success_penalty": 0.0,
      "by_wind": {
        "0.0": {
          "mean_spin": 3.6227838072827376,
          "std_spin": 0.3466939884326141,
          "success_rate": 1.0
        },
        "2.0": {
          "mean_spin": 9.622954646817364,
          "std_spin": 5.240721462869913,
          "success_rate": 1.0
        },
        "5.0": {
          "mean_spin": 10.040780133236911,
          "std_spin": 5.913380976866591,
          "success_rate": 1.0
        }
      }
    },
    {
      "kp": 0.019492673131336305,
      "ki": 0.0030510453109098027,
      "kd": 0.006387341428719334,
      "score": 10.047702529081903,
      "weighted_spin": 10.047702529081903,
      "success_penalty": 0.0,
      "by_wind": {
        "0.0": {
          "mean_spin": 3.684026659401197,
          "std_spin": 0.5687894993926932,
          "success_rate": 1.0
        },
        "2.0": {
          "mean_spin": 9.561913562941456,
          "std_spin": 3.668781722507818,
          "success_rate": 1.0
        },
        "5.0": {
          "mean_spin": 13.25383877816034,
          "std_spin": 5.567709906975054,
          "success_rate": 1.0
        }
      }
    },
    {
      "kp": 0.01862226495364493,
      "ki": 0.004913616416219886,
      "kd": 0.003047255374273897,
      "score": 10.345058078839088,
      "weighted_spin": 10.345058078839088,
      "success_penalty": 0.0,
      "by_wind": {
        "0.0": {
          "mean_spin": 3.9498118687874104,
          "std_spin": 0.6577583317787598,
          "success_rate": 1.0
        },
        "2.0": {
          "mean_spin": 13.056586152798314,
          "std_spin": 6.696328464565536,
          "success_rate": 1.0
        },
        "5.0": {
          "mean_spin": 11.078423448004884,
          "std_spin": 3.2670427132795425,
          "success_rate": 1.0
        }
      }
    },
    {
      "kp": 0.003031755823789939,
      "ki": 0.0013838794727024466,
      "kd": 0.009763699727346777,
      "score": 10.710167082765865,
      "weighted_spin": 10.710167082765865,
      "success_penalty": 0.0,
      "by_wind": {
        "0.0": {
          "mean_spin": 5.885865073006707,
          "std_spin": 0.39892135241407145,
          "success_rate": 1.0
        },
        "2.0": {
          "mean_spin": 10.850175774126184,
          "std_spin": 4.680188077171608,
          "success_rate": 1.0
        },
        "5.0": {
          "mean_spin": 12.74540566048969,
          "std_spin": 5.3760107078289545,
          "success_rate": 1.0
        }
      }
    },
    {
      "kp": 0.02176498763604016,
      "ki": 0.0051592424346782245,
      "kd": 0.007079388873637219,
      "score": 10.724315522003288,
      "weighted_spin": 10.724315522003288,
      "success_penalty": 0.0,
      "by_wind": {
        "0.0": {
          "mean_spin": 3.636039906557714,
          "std_spin": 0.409028603591886,
          "success_rate": 1.0
        },
        "2.0": {
          "mean_spin": 10.709033744998775,
          "std_spin": 4.186972870534778,
          "success_rate": 1.0
        },
        "5.0": {
          "mean_spin": 13.886546066538163,
          "std_spin": 5.406730769975751,
          "success_rate": 1.0
        }
      }
    },
    {
      "kp": 0.014992664901454324,
      "ki": 0.0021673774721183456,
      "kd": 0.006976570753556528,
      "score": 10.87103330878696,
      "weighted_spin": 10.87103330878696,
      "success_penalty": 0.0,
      "by_wind": {
        "0.0": {
          "mean_spin": 4.2907707854540025,
          "std_spin": 0.8452402089862724,
          "success_rate": 1.0
        },
        "2.0": {
          "mean_spin": 9.56959816696411,
          "std_spin": 3.546547216002869,
          "success_rate": 1.0
        },
        "5.0": {
          "mean_spin": 14.807821762797158,
          "std_spin": 6.156776967502582,
          "success_rate": 1.0
        }
      }
    },
    {
      "kp": 0.0201584788744659,
      "ki": 0.003935557730930267,
      "kd": 0.005710437521109384,
      "score": 10.890202718782312,
      "weighted_spin": 10.890202718782312,
      "success_penalty": 0.0,
      "by_wind": {
        "0.0": {
          "mean_spin": 3.423911587740112,
          "std_spin": 0.3974707806719464,
          "success_rate": 1.0
        },
        "2.0": {
          "mean_spin": 11.216999766179379,
          "std_spin": 7.158834736387727,
          "success_rate": 1.0
        },
        "5.0": {
          "mean_spin": 13.954378851270018,
          "std_spin": 6.428452846586235,
          "success_rate": 1.0
        }
      }
    },
    {
      "kp": 0.023870514042855027,
      "ki": 0.003620746345218905,
      "kd": 0.004530758704683587,
      "score": 11.051456503910853,
      "weighted_spin": 11.051456503910853,
      "success_penalty": 0.0,
      "by_wind": {
        "0.0": {
          "mean_spin": 3.871812717819391,
          "std_spin": 0.8720404876647839,
          "success_rate": 1.0
        },
        "2.0": {
          "mean_spin": 12.255243702782991,
          "std_spin": 5.950109502380394,
          "success_rate": 1.0
        },
        "5.0": {
          "mean_spin": 13.306130365273171,
          "std_spin": 7.250367622645317,
          "success_rate": 0.9
        }
      }
    },
    {
      "kp": 0.004052956397497262,
      "ki": 0.001714838861447631,
      "kd": 0.007595281310890066,
      "score": 11.205109927319285,
      "weighted_spin": 11.205109927319285,
      "success_penalty": 0.0,
      "by_wind": {
        "0.0": {
          "mean_spin": 3.790155228738796,
          "std_spin": 0.401137280373874,
          "success_rate": 1.0
        },
        "2.0": {
          "mean_spin": 12.787408604989349,
          "std_spin": 4.9037074578791415,
          "success_rate": 1.0
        },
        "5.0": {
          "mean_spin": 13.269968599611673,
          "std_spin": 3.691907468544467,
          "success_rate": 1.0
        }
      }
    },
    {
      "kp": 0.02274335984338955,
      "ki": 0.0016025104538797677,
      "kd": 0.005840534381732992,
      "score": 11.231586157371765,
      "weighted_spin": 11.231586157371765,
      "success_penalty": 0.0,
      "by_wind": {
        "0.0": {
          "mean_spin": 3.6484821066924282,
          "std_spin": 0.6429714030631776,
          "success_rate": 1.0
        },