{
  "baseline": {
    "kp": 0.005208,
    "ki": 0.000324,
    "kd": 0.016524,
    "score": 23.35386089820238,
    "weighted_spin": 18.353860898202377,
    "success_penalty": 5.000000000000004,
    "by_wind": {
      "0.0": {
        "mean_spin": 2.078262834013178,
        "std_spin": 0.3625013602153442,
        "success_rate": 1.0
      },
      "2.0": {
        "mean_spin": 25.200390617411625,
        "std_spin": 10.446718085344054,
        "success_rate": 0.7
      },
      "5.0": {
        "mean_spin": 20.262381367345938,
        "std_spin": 9.05095314982142,
        "success_rate": 0.9
      }
    }
  },
  "optimized": {
    "kp": 0.1780782072848714,
    "ki": 0.03513328472468545,
    "kd": 0.1704704175339501,
    "score": 18.275824004178826,
    "weighted_spin": 18.275824004178826,
    "success_penalty": 0.0,
    "by_wind": {
      "0.0": {
        "mean_spin": 2.008563026812424,
        "std_spin": 0.41069802903059927,
        "success_rate": 1.0
      },
      "2.0": {
        "mean_spin": 21.617593525953822,
        "std_spin": 6.0173909313954805,
        "success_rate": 1.0
      },
      "5.0": {
        "mean_spin": 22.906563699405567,
        "std_spin": 14.80020257217001,
        "success_rate": 0.8
      }
    }
  },
  "config_path": "configs/estes_c6_200hz.yaml",
  "wind_levels": [
    0.0,
    2.0,
    5.0
  ],
  "wind_weights": {
    "0.0": 0.2,
    "2.0": 0.35,
    "5.0": 0.45
  },
  "n_episodes": 10,
  "n_lhs_samples": 40,
  "lhs_top10": [
    {
      "kp": 0.16671502921868273,
      "ki": 0.03311101763755988,
      "kd": 0.18334604400385576,
      "score": 11.979470875284928,
      "weighted_spin": 11.979470875284928,
      "success_penalty": 0.0,
      "by_wind": {
        "0.0": {
          "mean_spin": 2.0440831820885164,
          "std_spin": 0.37171462953232437,
          "success_rate": 1.0
        },
        "2.0": {
          "mean_spin": 17.332498563800662,
          "std_spin": 6.571901730561771,
          "success_rate": 1.0
        },
        "5.0": {
          "mean_spin": 12.231732758971093,
          "std_spin": 4.219707475695765,
          "success_rate": 1.0
        }
      }
    },
    {
      "kp": 0.046920616071522314,
      "ki": 0.04687063363590561,
      "kd": 0.20855327920727074,
      "score": 12.012881458594663,
      "weighted_spin": 12.012881458594663,
      "success_penalty": 0.0,
      "by_wind": {
        "0.0": {
          "mean_spin": 1.9778839997233575,
          "std_spin": 0.4751870296558538,
          "success_rate": 1.0
        },
        "2.0": {
          "mean_spin": 14.543154298719788,
          "std_spin": 12.120738473402382,
          "success_rate": 0.8
        },
        "5.0": {
          "mean_spin": 14.504890342440149,
          "std_spin": 5.415039208706585,
          "success_rate": 1.0
        }
      }
    },
    {
      "kp": 0.02090046445152491,
      "ki": 0.008618606936998091,
      "kd": 0.11478758957123161,
      "score": 12.045967082194412,
      "weighted_spin": 12.045967082194412,
      "success_penalty": 0.0,
      "by_wind": {
        "0.0": {
          "mean_spin": 2.2523427335951833,
          "std_spin": 0.4617455814868274,
          "success_rate": 1.0
        },
        "2.0": {
          "mean_spin": 14.447057567713827,
          "std_spin": 5.2563099257719035,
          "success_rate": 1.0
        },
        "5.0": {
          "mean_spin": 14.531174192834527,
          "std_spin": 5.128861226512724,
          "success_rate": 1.0
        }
      }
    },
    {
      "kp": 0.025068751933035236,
      "ki": 0.006351211111075471,
      "kd": 0.13369338581940238,
      "score": 12.061780891310066,
      "weighted_spin": 12.061780891310066,
      "success_penalty": 0.0,
      "by_wind": {
        "0.0": {
          "mean_spin": 2.067885103182556,
          "std_spin": 0.4097038958192003,
          "success_rate": 1.0
        },
        "2.0": {
          "mean_spin": 9.252778293849643,
          "std_spin": 7.408819532744503,
          "success_rate": 1.0
        },
        "5.0": {
          "mean_spin": 18.688292150724845,
          "std_spin": 7.524662724180702,
          "success_rate": 0.8
        }
      }
    },
    {
      "kp": 0.11904193211251066,
      "ki": 0.025310995372217256,
      "kd": 0.2602186573273028,
      "score": 12.186232453799622,
      "weighted_spin": 12.186232453799622,
      "success_penalty": 0.0,
      "by_wind": {
        "0.0": {
          "mean_spin": 2.29002770116851,
          "std_spin": 0.29254039643703855,
          "success_rate": 1.0
        },
        "2.0": {
          "mean_spin": 15.802634731975195,
          "std_spin": 10.779322820408362,
          "success_rate": 0.8
        },
        "5.0": {
          "mean_spin": 13.771788349721337,
          "std_spin": 8.347295824699806,
          "success_rate": 1.0
        }
      }
    },
    {
      "kp": 0.07604214292977088,
      "ki": 0.018269312064233795,
      "kd": 0.1918095659711647,
      "score": 12.333232088483964,
      "weighted_spin": 12.333232088483964,
      "success_penalty": 0.0,
      "by_wind": {
        "0.0": {
          "mean_spin": 2.1922650591989132,
          "std_spin": 0.5733303656700286,
          "success_rate": 1.0
        },
        "2.0": {
          "mean_spin": 15.869879027560179,
          "std_spin": 7.877481240949386,
          "success_rate": 1.0
        },
        "5.0": {
          "mean_spin": 14.089603148884711,
          "std_spin": 7.087238859804044,
          "success_rate": 1.0
        }
      }
    },
    {
      "kp": 0.06573711768306728,
      "ki": 0.04391275893774904,
      "kd": 0.2875487436722394,
      "score": 12.389596658551685,
      "weighted_spin": 12.389596658551685,
      "success_penalty": 0.0,
      "by_wind": {
        "0.0": {
          "mean_spin": 2.859073332715074,
          "std_spin": 0.42643782472530883,
          "success_rate": 1.0
        },
        "2.0": {
          "mean_spin": 15.407918547044762,
          "std_spin": 4.255566204589005,
          "success_rate": 1.0
        },
        "5.0": {
          "mean_spin": 14.277801112317785,
          "std_spin": 6.979173260913768,
          "success_rate": 1.0
        }
      }
    },
    {
      "kp": 0.030052678388899634,
      "ki": 0.010561567582881341,
      "kd": 0.23373295297391072,
      "score": 12.867781213524587,
      "weighted_spin": 12.867781213524587,
      "success_penalty": 0.0,
      "by_wind": {
        "0.0": {
          "mean_spin": 2.157261409835976,
          "std_spin": 0.4283126857912003,
          "success_rate": 1.0
        },
        "2.0": {
          "mean_spin": 15.094124034009871,
          "std_spin": 8.611224789648652,
          "success_rate": 0.8
        },
        "5.0": {
          "mean_spin": 15.896412265897634,
          "std_spin": 6.396853723386928,
          "success_rate": 1.0
        }
      }
    },
    {
      "kp": 0.14119014917604172,
      "ki": 0.03003064769079385,
      "kd": 0.14158802184816777,
      "score": 13.742758609229117,
      "weighted_spin": 13.742758609229117,
      "success_penalty": 0.0,
      "by_wind": {
        "0.0": {
          "mean_spin": 1.9996240230166247,
          "std_spin": 0.5429904788891547,
          "success_rate": 1.0
        },
        "2.0": {
          "mean_spin": 11.9660731963262,
          "std_spin": 6.18930675954258,
          "success_rate": 1.0
        },
        "5.0": {
          "mean_spin": 20.34379596869249,
          "std_spin": 24.539352926802508,
          "success_rate": 0.8
        }
      }
    },
    {
      "kp": 0.06141032928103866,
      "ki": 0.02690064750198684,
      "kd": 0.2176903632911535,
      "score": 14.181680446839838,
      "weighted_spin": 14.181680446839838,
      "success_penalty": 0.0,
      "by_wind": {
        "0.0": {
          "mean_spin": 2.5250731131111186,
          "std_spin": 0.26260547297670905,
          "success_rate": 1.0
        },
        "2.0": {
          "mean_spin": 13.639412533228082,