{
  "baseline": {
    "kp": 0.005208,
    "ki": 0.000324,
    "kd": 0.016524,
    "score": 10.20450856461507,
    "weighted_spin": 10.20450856461507,
    "success_penalty": 0.0,
    "by_wind": {
      "0.0": {
        "mean_spin": 2.235373467725143,
        "std_spin": 0.21372831507611165,
        "success_rate": 1.0
      },
      "2.0": {
        "mean_spin": 10.248790118155275,
        "std_spin": 6.953187263376376,
        "success_rate": 1.0
      },
      "5.0": {
        "mean_spin": 13.71190517714599,
        "std_spin": 9.78396120348221,
        "success_rate": 0.9
      }
    }
  },
  "optimized": {
    "kp": 0.023666680344014215,
    "ki": 0.004258879836981476,
    "kd": 0.017753438393447486,
    "score": 9.360651881290089,
    "weighted_spin": 9.360651881290089,
    "success_penalty": 0.0,
    "by_wind": {
      "0.0": {
        "mean_spin": 2.768481485528082,
        "std_spin": 0.44100107984130305,
        "success_rate": 1.0
      },
      "2.0": {
        "mean_spin": 9.107099212240076,
        "std_spin": 4.446088523011855,
        "success_rate": 1.0
      },
      "5.0": {
        "mean_spin": 12.48771302200099,
        "std_spin": 7.679320207980731,
        "success_rate": 0.95
      }
    }
  },
  "config_path": "configs/estes_c6_4fin_200hz.yaml",
  "controller_type": "PID",
  "imu": false,
  "wind_levels": [
    0.0,
    2.0,
    5.0
  ],
  "wind_weights": {
    "0.0": 0.2,
    "2.0": 0.35,
    "5.0": 0.45
  },
  "n_episodes": 20,
  "n_lhs_samples": 80,
  "lhs_top10": [
    {
      "kp": 0.023668710270469965,
      "ki": 0.004258320452431787,
      "kd": 0.017752614364258904,
      "score": 7.748414898054527,
      "weighted_spin": 7.748414898054527,
      "success_penalty": 0.0,
      "by_wind": {
        "0.0": {
          "mean_spin": 2.8613029979892293,
          "std_spin": 0.37007997782308877,
          "success_rate": 1.0
        },
        "2.0": {
          "mean_spin": 7.982054739732173,
          "std_spin": 4.194349410203259,
          "success_rate": 1.0
        },
        "5.0": {
          "mean_spin": 9.73874475455649,
          "std_spin": 4.378748167187829,
          "success_rate": 1.0
        }
      }
    },
    {
      "kp": 0.018101921075345882,
      "ki": 0.0014976865658432811,
      "kd": 0.007886861700579435,
      "score": 7.804031235670893,
      "weighted_spin": 7.804031235670893,
      "success_penalty": 0.0,
      "by_wind": {
        "0.0": {
          "mean_spin": 2.113518988847989,
          "std_spin": 0.4582746033722321,
          "success_rate": 1.0
        },
        "2.0": {
          "mean_spin": 10.026912916961503,
          "std_spin": 5.859296127105157,
          "success_rate": 1.0
        },
        "5.0": {
          "mean_spin": 8.604239815477266,
          "std_spin": 4.81515104338376,
          "success_rate": 1.0
        }
      }
    },
    {
      "kp": 0.008260880880176503,
      "ki": 0.0010043880346660855,
      "kd": 0.012763153349581976,
      "score": 7.891523662790461,
      "weighted_spin": 7.891523662790461,
      "success_penalty": 0.0,
      "by_wind": {
        "0.0": {
          "mean_spin": 2.3318046077230035,
          "std_spin": 0.5791288194181895,
          "success_rate": 1.0
        },
        "2.0": {
          "mean_spin": 6.646523090049496,
          "std_spin": 3.865657749367612,
          "success_rate": 1.0
        },
        "5.0": {
          "mean_spin": 11.330843688285638,
          "std_spin": 8.501535167192507,
          "success_rate": 1.0
        }
      }
    },
    {
      "kp": 0.0030084933172838924,
      "ki": 0.005615620281795085,
      "kd": 0.01872463466852966,
      "score": 8.156320012219066,
      "weighted_spin": 8.156320012219066,
      "success_penalty": 0.0,
      "by_wind": {
        "0.0": {
          "mean_spin": 3.0881895827486763,
          "std_spin": 0.4547172126590077,
          "success_rate": 1.0
        },
        "2.0": {
          "mean_spin": 6.650942896615653,
          "std_spin": 3.008186633584429,
          "success_rate": 1.0
        },
        "5.0": {
          "mean_spin": 11.57967129300856,
          "std_spin": 4.0406071392359015,
          "success_rate": 1.0
        }
      }
    },
    {
      "kp": 0.022209668867486876,
      "ki": 0.005444738018154336,
      "kd": 0.010773196752436244,
      "score": 8.17028457540408,
      "weighted_spin": 8.17028457540408,
      "success_penalty": 0.0,
      "by_wind": {
        "0.0": {
          "mean_spin": 1.8785775550340926,
          "std_spin": 0.3148720824321712,
          "success_rate": 1.0
        },
        "2.0": {
          "mean_spin": 6.419146513828283,
          "std_spin": 4.04883239708435,
          "success_rate": 1.0
        },
        "5.0": {
          "mean_spin": 12.32859507679414,
          "std_spin": 7.172714822344193,
          "success_rate": 0.9
        }
      }
    },
    {
      "kp": 0.014456025033607059,
      "ki": 0.004801191210041843,
      "kd": 0.027693489967938703,
      "score": 8.196150764611275,
      "weighted_spin": 8.196150764611275,
      "success_penalty": 0.0,
      "by_wind": {
        "0.0": {
          "mean_spin": 4.326778782441268,
          "std_spin": 0.30250479883612325,
          "success_rate": 1.0
        },
        "2.0": {
          "mean_spin": 8.368768105260054,
          "std_spin": 2.767592044047449,
          "success_rate": 1.0
        },
        "5.0": {
          "mean_spin": 9.781613713960006,
          "std_spin": 3.908413306189785,
          "success_rate": 1.0
        }
      }
    },
    {
      "kp": 0.016784787598380868,
      "ki": 0.004537158723854027,
      "kd": 0.020268573958269885,
      "score": 8.425626325564162,
      "weighted_spin": 8.425626325564162,
      "success_penalty": 0.0,
      "by_wind": {
        "0.0": {
          "mean_spin": 3.2506581092868396,
          "std_spin": 0.43369118315073024,
          "success_rate": 1.0
        },
        "2.0": {
          "mean_spin": 9.243134573929522,
          "std_spin": 5.537569003048046,
          "success_rate": 1.0
        },
        "5.0": {
          "mean_spin": 10.08977245073658,
          "std_spin": 6.076857318243177,
          "success_rate": 1.0
        }
      }
    },
    {
      "kp": 0.0070353833474465855,
      "ki": 0.0023406610582535924,
      "kd": 0.020600762640231345,
      "score": 8.473972474050663,
      "weighted_spin": 8.473972474050663,
      "success_penalty": 0.0,
      "by_wind": {
        "0.0": {
          "mean_spin": 3.2393150089298066,
          "std_spin": 0.3357178284543281,
          "success_rate": 1.0
        },
        "2.0": {
          "mean_spin": 8.71520891978789,
          "std_spin": 5.477358960645836,
          "success_rate": 1.0
        },
        "5.0": {
          "mean_spin": 10.612858556308757,
          "std_spin": 6.475664324581687,
          "success_rate": 1.0
        }
      }
    },
    {
      "kp": 0.02176498763604016,
      "ki": 0.0051592424346782245,
      "kd": 0.007079388873637219,
      "score": 8.507172898563542,
      "weighted_spin": 8.507172898563542,
      "success_penalty": 0.0,
      "by_wind": {
        "0.0": {
          "mean_spin": 2.275542436092696,
          "std_spin": 0.21323163189153946,
          "success_rate": 1.0
        },
        "2.0": {
          "mean_spin": 8.638598490479193,
          "std_spin": 4.30569664840184,
          "success_rate": 1.0
        },
        "5.0": {
          "mean_spin": 11.17456653261619,
          "std_spin": 5.117834598769575,
          "success_rate": 1.0
        }
      }
    },
    {
      "kp": 0.019492673131336305,
      "ki": 0.0030510453109098027,
      "kd": 0.006387341428719334,
      "score": 8.57056647266916,
      "weighted_spin": 8.57056647266916,
      "success_penalty": 0.0,
      "by_wind": {
        "0.0": {
          "mean_spin": 2.289810736663117,
          "std_spin": 0.4228200053461362,
          "success_rate": 1.0
        },
        "2.0": {
          "mean_spin": 10.320613877099275,