{
  "baseline": {
    "kp": 0.005208,
    "ki": 0.000324,
    "kd": 0.016524,
    "score": 12.497027341107216,
    "weighted_spin": 12.497027341107216,
    "success_penalty": 0.0,
    "by_wind": {
      "0.0": {
        "mean_spin": 4.46756083029865,
        "std_spin": 0.6348232070587719,
        "success_rate": 1.0
      },
      "2.0": {
        "mean_spin": 13.065759228291947,
        "std_spin": 6.4452147236888795,
        "success_rate": 1.0
      },
      "5.0": {
        "mean_spin": 15.623332100322898,
        "std_spin": 5.443592014206543,
        "success_rate": 1.0
      }
    }
  },
  "optimized": {
    "kp": 0.01075927101429783,
    "ki": 0.003314489332965528,
    "kd": 0.008823003952332719,
    "score": 11.952745533160025,
    "weighted_spin": 11.952745533160025,
    "success_penalty": 0.0,
    "by_wind": {
      "0.0": {
        "mean_spin": 3.6253000280264898,
        "std_spin": 0.6151317849843665,
        "success_rate": 1.0
      },
      "2.0": {
        "mean_spin": 11.313497540122496,
        "std_spin": 5.465397054578154,
        "success_rate": 1.0
      },
      "5.0": {
        "mean_spin": 16.15102530780412,
        "std_spin": 8.315375910275193,
        "success_rate": 0.9
      }
    }
  },
  "config_path": "configs/estes_c6_dryden_light.yaml",
  "controller_type": "PID",
  "imu": false,
  "wind_levels": [
    0.0,
    2.0,
    5.0
  ],
  "wind_weights": {
    "0.0": 0.2,
    "2.0": 0.35,
    "5.0": 0.45
  },
  "n_episodes": 20,
  "n_lhs_samples": 80,
  "lhs_top10": [
    {
      "kp": 0.010449820896427271,
      "ki": 0.0032714040954316993,
      "kd": 0.008730423728577266,
      "score": 8.780815309469633,
      "weighted_spin": 8.780815309469633,
      "success_penalty": 0.0,
      "by_wind": {
        "0.0": {
          "mean_spin": 3.577190620975508,
          "std_spin": 0.7902851363802994,
          "success_rate": 1.0
        },
        "2.0": {
          "mean_spin": 7.342082466974617,
          "std_spin": 2.876394788467598,
          "success_rate": 1.0
        },
        "5.0": {
          "mean_spin": 12.21255182629648,
          "std_spin": 6.8796089734293275,
          "success_rate": 1.0
        }
      }
    },
    {
      "kp": 0.023223673783174355,
      "ki": 0.00340454105185842,
      "kd": 0.012970450883414015,
      "score": 8.821978733505713,
      "weighted_spin": 8.821978733505713,
      "success_penalty": 0.0,
      "by_wind": {
        "0.0": {
          "mean_spin": 3.3012061215424344,
          "std_spin": 0.2675453431799282,
          "success_rate": 1.0
        },
        "2.0": {
          "mean_spin": 6.365871743218706,
          "std_spin": 4.0413420147984604,
          "success_rate": 1.0
        },
        "5.0": {
          "mean_spin": 13.185960886823732,
          "std_spin": 7.618395759295501,
          "success_rate": 0.9
        }
      }
    },
    {
      "kp": 0.0025253995497526703,
      "ki": 0.0019147879292222638,
      "kd": 0.011976094226302775,
      "score": 9.297416545552018,
      "weighted_spin": 9.297416545552018,
      "success_penalty": 0.0,
      "by_wind": {
        "0.0": {
          "mean_spin": 3.7821369946540004,
          "std_spin": 0.5810912403729794,
          "success_rate": 1.0
        },
        "2.0": {
          "mean_spin": 12.154305822436978,
          "std_spin": 6.270837062891308,
          "success_rate": 1.0
        },
        "5.0": {
          "mean_spin": 9.526626908373949,
          "std_spin": 4.144597121962913,
          "success_rate": 1.0
        }
      }
    },
    {
      "kp": 0.011757944922336137,
      "ki": 0.0024465050693666893,
      "kd": 0.0038318154935778046,
      "score": 9.417582169767222,
      "weighted_spin": 9.417582169767222,
      "success_penalty": 0.0,
      "by_wind": {
        "0.0": {
          "mean_spin": 4.256622166509521,
          "std_spin": 0.9238314311132244,
          "success_rate": 1.0
        },
        "2.0": {
          "mean_spin": 10.074192964283878,
          "std_spin": 5.5293600180152005,
          "success_rate": 1.0
        },
        "5.0": {
          "mean_spin": 11.200644886591023,
          "std_spin": 3.719859563055422,
          "success_rate": 1.0
        }
      }
    },
    {
      "kp": 0.020273454421442016,
      "ki": 0.0002002193192329909,
      "kd": 0.012186123003799483,
      "score": 9.606196953001925,
      "weighted_spin": 9.606196953001925,
      "success_penalty": 0.0,
      "by_wind": {
        "0.0": {
          "mean_spin": 3.3253349497801765,
          "std_spin": 0.48489144896600583,
          "success_rate": 1.0
        },
        "2.0": {
          "mean_spin": 11.9712722093147,
          "std_spin": 5.148152807815626,
          "success_rate": 1.0
        },
        "5.0": {
          "mean_spin": 10.558188199523878,
          "std_spin": 2.386006507522146,
          "success_rate": 1.0
        }
      }
    },
    {
      "kp": 0.019492673131336305,
      "ki": 0.0030510453109098027,
      "kd": 0.006387341428719334,
      "score": 9.76962238276145,
      "weighted_spin": 9.76962238276145,
      "success_penalty": 0.0,
      "by_wind": {
        "0.0": {
          "mean_spin": 3.9056577051696864,
          "std_spin": 0.5407060127925445,
          "success_rate": 1.0
        },
        "2.0": {
          "mean_spin": 9.143254935310082,
          "std_spin": 4.1420406168646595,
          "success_rate": 1.0
        },
        "5.0": {
          "mean_spin": 12.863003587486627,
          "std_spin": 5.125268365786874,
          "success_rate": 1.0
        }
      }
    },
    {
      "kp": 0.023870514042855027,
      "ki": 0.003620746345218905,
      "kd": 0.004530758704683587,
      "score": 9.804829143938228,
      "weighted_spin": 9.804829143938228,
      "success_penalty": 0.0,
      "by_wind": {
        "0.0": {
          "mean_spin": 4.189072827014465,
          "std_spin": 0.45637678766887774,
          "success_rate": 1.0
        },
        "2.0": {
          "mean_spin": 11.38497676329222,
          "std_spin": 5.135010929086429,
          "success_rate": 1.0
        },
        "5.0": {
          "mean_spin": 11.071717136406793,
          "std_spin": 4.567251175201974,
          "success_rate": 1.0
        }
      }
    },
    {
      "kp": 0.018101921075345882,
      "ki": 0.0014976865658432811,
      "kd": 0.007886861700579435,
      "score": 10.126275184327088,
      "weighted_spin": 10.126275184327088,
      "success_penalty": 0.0,
      "by_wind": {
        "0.0": {
          "mean_spin": 3.312056564941652,
          "std_spin": 0.24655863601015568,
          "success_rate": 1.0
        },
        "2.0": {
          "mean_spin": 12.530920943978199,
          "std_spin": 8.2821600053114,
          "success_rate": 0.9
        },
        "5.0": {
          "mean_spin": 11.284536757658639,
          "std_spin": 3.764055574681251,
          "success_rate": 1.0
        }
      }
    },
    {
      "kp": 0.0201584788744659,
      "ki": 0.003935557730930267,
      "kd": 0.005710437521109384,
      "score": 10.209665052217018,
      "weighted_spin": 10.209665052217018,
      "success_penalty": 0.0,
      "by_wind": {
        "0.0": {
          "mean_spin": 3.9559347216792027,
          "std_spin": 0.33366611060461826,
          "success_rate": 1.0
        },
        "2.0": {
          "mean_spin": 12.072825948543414,
          "std_spin": 6.193799429744014,
          "success_rate": 1.0
        },
        "5.0": {
          "mean_spin": 11.539975613091071,
          "std_spin": 6.245129490317912,
          "success_rate": 1.0
        }
      }
    },
    {
      "kp": 0.013856602131043675,
      "ki": 0.005390420858804148,
      "kd": 0.008421995063814703,
      "score": 10.279588251801275,
      "weighted_spin": 10.279588251801275,
      "success_penalty": 0.0,
      "by_wind": {
        "0.0": {
          "mean_spin": 3.5774460264779284,
          "std_spin": 0.39671114448028755,
          "success_rate": 1.0
        },