{
  "baseline": {
    "kp": 0.005208,
    "ki": 0.000324,
    "kd": 0.016524,
    "score": 9.32567471598617,
    "weighted_spin": 9.32567471598617,
    "success_penalty": 0.0,
    "by_wind": {
      "0.0": {
        "mean_spin": 2.1340589863249493,
        "std_spin": 0.40952918330052135,
        "success_rate": 1.0
      },
      "2.0": {
        "mean_spin": 8.4195943535068,
        "std_spin": 5.329257623876926,
        "success_rate": 1.0
      },
      "5.0": {
        "mean_spin": 13.226677544430663,
        "std_spin": 8.060779305306562,
        "success_rate": 0.95
      }
    }
  },
  "optimized": {
    "kp": 0.01270893626382803,
    "ki": 0.0039036165396684037,
    "kd": 0.026388012631894456,
    "score": 10.332047993154049,
    "weighted_spin": 10.332047993154049,
    "success_penalty": 0.0,
    "by_wind": {
      "0.0": {
        "mean_spin": 2.012258806342994,
        "std_spin": 0.33461167503858785,
        "success_rate": 1.0
      },
      "2.0": {
        "mean_spin": 8.791585457353161,
        "std_spin": 4.9795362495829725,
        "success_rate": 1.0
      },
      "5.0": {
        "mean_spin": 15.22786960402632,
        "std_spin": 8.228500753937722,
        "success_rate": 0.9
      }
    }
  },
  "config_path": "configs/estes_c6_200hz.yaml",
  "controller_type": "PID",
  "imu": false,
  "wind_levels": [
    0.0,
    2.0,
    5.0
  ],
  "wind_weights": {
    "0.0": 0.2,
    "2.0": 0.35,
    "5.0": 0.45
  },
  "n_episodes": 20,
  "n_lhs_samples": 80,
  "lhs_top10": [
    {
      "kp": 0.0125421466164354,
      "ki": 0.003998305447788897,
      "kd": 0.02505551284849059,
      "score": 6.707143034392756,
      "weighted_spin": 6.707143034392756,
      "success_penalty": 0.0,
      "by_wind": {
        "0.0": {
          "mean_spin": 2.0153079334617474,
          "std_spin": 0.28485436729091673,
          "success_rate": 1.0
        },
        "2.0": {
          "mean_spin": 7.022892121215234,
          "std_spin": 3.493515214522204,
          "success_rate": 1.0
        },
        "5.0": {
          "mean_spin": 8.54682045616683,
          "std_spin": 3.5522988244705975,
          "success_rate": 1.0
        }
      }
    },
    {
      "kp": 0.0062802321553916875,
      "ki": 0.0038607165408243195,
      "kd": 0.02712105736923315,
      "score": 6.81078321689129,
      "weighted_spin": 6.81078321689129,
      "success_penalty": 0.0,
      "by_wind": {
        "0.0": {
          "mean_spin": 1.9137164568408527,
          "std_spin": 0.14869653378001052,
          "success_rate": 1.0
        },
        "2.0": {
          "mean_spin": 6.817514125125895,
          "std_spin": 4.445970056988008,
          "success_rate": 1.0
        },
        "5.0": {
          "mean_spin": 8.982022181620126,
          "std_spin": 8.087490277939212,
          "success_rate": 1.0
        }
      }
    },
    {
      "kp": 0.022525147567216054,
      "ki": 0.0022900356879223937,
      "kd": 0.023304698073398626,
      "score": 7.042644890970358,
      "weighted_spin": 7.042644890970358,
      "success_penalty": 0.0,
      "by_wind": {
        "0.0": {
          "mean_spin": 1.979777529203679,
          "std_spin": 0.2741302512750898,
          "success_rate": 1.0
        },
        "2.0": {
          "mean_spin": 10.217722199963331,
          "std_spin": 7.035613368884659,
          "success_rate": 1.0
        },
        "5.0": {
          "mean_spin": 6.823303589205457,
          "std_spin": 3.3134070234898236,
          "success_rate": 1.0
        }
      }
    },
    {
      "kp": 0.02065238877797681,
      "ki": 0.001088527021424594,
      "kd": 0.02993376603649252,
      "score": 7.111731319778805,
      "weighted_spin": 7.111731319778805,
      "success_penalty": 0.0,
      "by_wind": {
        "0.0": {
          "mean_spin": 2.18079162685713,
          "std_spin": 0.3325140347907064,
          "success_rate": 1.0
        },
        "2.0": {
          "mean_spin": 7.780763982038563,
          "std_spin": 5.388943003878824,
          "success_rate": 1.0
        },
        "5.0": {
          "mean_spin": 8.782901334875293,
          "std_spin": 5.344076148305805,
          "success_rate": 1.0
        }
      }
    },
    {
      "kp": 0.0035522070944316976,
      "ki": 0.0046894132185988195,
      "kd": 0.03089562058701771,
      "score": 7.456946413048246,
      "weighted_spin": 7.456946413048246,
      "success_penalty": 0.0,
      "by_wind": {
        "0.0": {
          "mean_spin": 1.9923048062307944,
          "std_spin": 0.31758032029594113,
          "success_rate": 1.0
        },
        "2.0": {
          "mean_spin": 7.669628482011997,
          "std_spin": 4.897180999946923,
          "success_rate": 1.0
        },
        "5.0": {
          "mean_spin": 9.720256629106418,
          "std_spin": 4.528291823598887,
          "success_rate": 1.0
        }
      }
    },
    {
      "kp": 0.01618596036140465,
      "ki": 0.0037509453648232175,
      "kd": 0.014212683942848263,
      "score": 7.588943331201005,
      "weighted_spin": 7.588943331201005,
      "success_penalty": 0.0,
      "by_wind": {
        "0.0": {
          "mean_spin": 2.1921314805674212,
          "std_spin": 0.4250300722274099,
          "success_rate": 1.0
        },
        "2.0": {
          "mean_spin": 6.181311539250901,
          "std_spin": 4.380975209045099,
          "success_rate": 1.0
        },
        "5.0": {
          "mean_spin": 11.082351102999343,
          "std_spin": 5.934815272333228,
          "success_rate": 1.0
        }
      }
    },
    {
      "kp": 0.022968552185498908,
      "ki": 0.0043704614168125384,
      "kd": 0.022591449550281743,
      "score": 7.594542803414057,
      "weighted_spin": 7.594542803414057,
      "success_penalty": 0.0,
      "by_wind": {
        "0.0": {
          "mean_spin": 2.1979511397270723,
          "std_spin": 0.42527225835335597,
          "success_rate": 1.0
        },
        "2.0": {
          "mean_spin": 9.206515975027004,
          "std_spin": 5.450424694794466,
          "success_rate": 1.0
        },
        "5.0": {
          "mean_spin": 8.739271076020424,
          "std_spin": 7.110980463434806,
          "success_rate": 1.0
        }
      }
    },
    {
      "kp": 0.00874990641733617,
      "ki": 0.0057681597223330355,
      "kd": 0.03109311943963817,
      "score": 7.59672138880507,
      "weighted_spin": 7.59672138880507,
      "success_penalty": 0.0,
      "by_wind": {
        "0.0": {
          "mean_spin": 2.1184286215612036,
          "std_spin": 0.35874913506495115,
          "success_rate": 1.0
        },
        "2.0": {
          "mean_spin": 7.858476264846773,
          "std_spin": 5.821865198438812,
          "success_rate": 1.0
        },
        "5.0": {
          "mean_spin": 9.827931048436577,
          "std_spin": 4.142443966548676,
          "success_rate": 1.0
        }
      }
    },
    {
      "kp": 0.0070353833474465855,
      "ki": 0.0023406610582535924,
      "kd": 0.020600762640231345,
      "score": 7.770598084474656,
      "weighted_spin": 7.770598084474656,
      "success_penalty": 0.0,
      "by_wind": {
        "0.0": {
          "mean_spin": 2.0562839280740026,
          "std_spin": 0.34605894668721926,
          "success_rate": 1.0
        },
        "2.0": {
          "mean_spin": 10.162857154161312,
          "std_spin": 5.0006247911231245,
          "success_rate": 1.0
        },
        "5.0": {
          "mean_spin": 8.449647322007548,
          "std_spin": 5.239988259826122,
          "success_rate": 1.0
        }
      }
    },
    {
      "kp": 0.005407428476528778,
      "ki": 0.0034688693339628832,
      "kd": 0.03229027515765571,
      "score": 7.893399184637674,
      "weighted_spin": 7.893399184637674,
      "success_penalty": 0.0,
      "by_wind": {
        "0.0": {
          "mean_spin": 2.055927849004891,
          "std_spin": 0.12793830839907563,
          "success_rate": 1.0
        },
        "2.0": {
          "mean_spin": 7.431691837752291,