{
  "baseline": {
    "kp": 0.005208,
    "ki": 0.000324,
    "kd": 0.016524,
    "score": 12.956671243552888,
    "weighted_spin": 12.956671243552888,
    "success_penalty": 0.0,
    "by_wind": {
      "0.0": {
        "mean_spin": 4.8318689942255215,
        "std_spin": 0.6917249069855156,
        "success_rate": 1.0
      },
      "2.0": {
        "mean_spin": 12.335087258738445,
        "std_spin": 7.019523524708068,
        "success_rate": 0.95
      },
      "5.0": {
        "mean_spin": 17.051148675887394,
        "std_spin": 6.004508965273643,
        "success_rate": 1.0
      }
    }
  },
  "optimized": {
    "kp": 0.001651937432544773,
    "ki": 0.005229099797859253,
    "kd": 0.015394216950379964,
    "score": 13.24934238113098,
    "weighted_spin": 13.24934238113098,
    "success_penalty": 0.0,
    "by_wind": {
      "0.0": {
        "mean_spin": 4.214247796788998,
        "std_spin": 0.69784122524933,
        "success_rate": 1.0
      },
      "2.0": {
        "mean_spin": 12.542285035873043,
        "std_spin": 6.587459373520023,
        "success_rate": 1.0
      },
      "5.0": {
        "mean_spin": 17.814873464928034,
        "std_spin": 7.2852760821705775,
        "success_rate": 0.95
      }
    }
  },
  "config_path": "configs/estes_c6_dryden_severe.yaml",
  "controller_type": "PID",
  "imu": false,
  "wind_levels": [
    0.0,
    2.0,
    5.0
  ],
  "wind_weights": {
    "0.0": 0.2,
    "2.0": 0.35,
    "5.0": 0.45
  },
  "n_episodes": 20,
  "n_lhs_samples": 80,
  "lhs_top10": [
    {
      "kp": 0.001624941071794122,
      "ki": 0.004978632183269778,
      "kd": 0.015361095382620583,
      "score": 8.938728533609273,
      "weighted_spin": 8.938728533609273,
      "success_penalty": 0.0,
      "by_wind": {
        "0.0": {
          "mean_spin": 3.7683832977698315,
          "std_spin": 0.43126722769430775,
          "success_rate": 1.0
        },
        "2.0": {
          "mean_spin": 8.426421665864549,
          "std_spin": 3.2773241887865687,
          "success_rate": 1.0
        },
        "5.0": {
          "mean_spin": 11.6351206466727,
          "std_spin": 5.107547583700121,
          "success_rate": 1.0
        }
      }
    },
    {
      "kp": 0.015214853256201883,
      "ki": 0.0017528834816306785,
      "kd": 0.010940988313062497,
      "score": 9.168981890885721,
      "weighted_spin": 9.168981890885721,
      "success_penalty": 0.0,
      "by_wind": {
        "0.0": {
          "mean_spin": 3.206201602718962,
          "std_spin": 0.588543870652402,
          "success_rate": 1.0
        },
        "2.0": {
          "mean_spin": 10.599406029240862,
          "std_spin": 6.171370126745476,
          "success_rate": 1.0
        },
        "5.0": {
          "mean_spin": 10.706554355794724,
          "std_spin": 5.147371177926054,
          "success_rate": 1.0
        }
      }
    },
    {
      "kp": 0.0201584788744659,
      "ki": 0.003935557730930267,
      "kd": 0.005710437521109384,
      "score": 9.620142681228995,
      "weighted_spin": 9.620142681228995,
      "success_penalty": 0.0,
      "by_wind": {
        "0.0": {
          "mean_spin": 4.146454044736926,
          "std_spin": 0.8615119326672726,
          "success_rate": 1.0
        },
        "2.0": {
          "mean_spin": 8.96685799494507,
          "std_spin": 3.5922985141772363,
          "success_rate": 1.0
        },
        "5.0": {
          "mean_spin": 12.561003497890747,
          "std_spin": 5.643059814848131,
          "success_rate": 1.0
        }
      }
    },
    {
      "kp": 0.023668710270469965,
      "ki": 0.004258320452431787,
      "kd": 0.017752614364258904,
      "score": 9.823316623656604,
      "weighted_spin": 9.823316623656604,
      "success_penalty": 0.0,
      "by_wind": {
        "0.0": {
          "mean_spin": 5.657356976940553,
          "std_spin": 0.7216414533054172,
          "success_rate": 1.0
        },
        "2.0": {
          "mean_spin": 9.73965642327299,
          "std_spin": 4.114517389121858,
          "success_rate": 1.0
        },
        "5.0": {
          "mean_spin": 11.739923289162103,
          "std_spin": 5.249706494871112,
          "success_rate": 1.0
        }
      }
    },
    {
      "kp": 0.013856602131043675,
      "ki": 0.005390420858804148,
      "kd": 0.008421995063814703,
      "score": 10.108854032848917,
      "weighted_spin": 10.108854032848917,
      "success_penalty": 0.0,
      "by_wind": {
        "0.0": {
          "mean_spin": 3.5328175490613347,
          "std_spin": 0.5696300425433155,
          "success_rate": 1.0
        },
        "2.0": {
          "mean_spin": 10.832237248787527,
          "std_spin": 6.056510632547426,
          "success_rate": 1.0
        },
        "5.0": {
          "mean_spin": 12.468905524357814,
          "std_spin": 6.571993153189711,
          "success_rate": 1.0
        }
      }
    },
    {
      "kp": 0.003031755823789939,
      "ki": 0.0013838794727024466,
      "kd": 0.009763699727346777,
      "score": 10.160448436880156,
      "weighted_spin": 10.160448436880156,
      "success_penalty": 0.0,
      "by_wind": {
        "0.0": {
          "mean_spin": 3.726219909094605,
          "std_spin": 0.544934726161982,
          "success_rate": 1.0
        },
        "2.0": {
          "mean_spin": 11.62927355217317,
          "std_spin": 6.109021183849531,
          "success_rate": 1.0
        },
        "5.0": {
          "mean_spin": 11.87768602622361,
          "std_spin": 5.40392553070111,
          "success_rate": 1.0
        }
      }
    },
    {
      "kp": 0.00195942653883047,
      "ki": 0.0028427616906070473,
      "kd": 0.014039692584709535,
      "score": 10.698665411799743,
      "weighted_spin": 10.698665411799743,
      "success_penalty": 0.0,
      "by_wind": {
        "0.0": {
          "mean_spin": 3.8967724171691245,
          "std_spin": 0.6558344318357582,
          "success_rate": 1.0
        },
        "2.0": {
          "mean_spin": 12.690817860734517,
          "std_spin": 7.081530832071455,
          "success_rate": 1.0
        },
        "5.0": {
          "mean_spin": 12.17227706024186,
          "std_spin": 3.702930571151448,
          "success_rate": 1.0
        }
      }
    },
    {
      "kp": 0.023223673783174355,
      "ki": 0.00340454105185842,
      "kd": 0.012970450883414015,
      "score": 10.77561995479098,
      "weighted_spin": 10.77561995479098,
      "success_penalty": 0.0,
      "by_wind": {
        "0.0": {
          "mean_spin": 3.803966939829023,
          "std_spin": 0.6301543248850455,
          "success_rate": 1.0
        },
        "2.0": {
          "mean_spin": 11.593018754546923,
          "std_spin": 4.755950882907439,
          "success_rate": 1.0
        },
        "5.0": {
          "mean_spin": 13.238377783852778,
          "std_spin": 7.367211186931621,
          "success_rate": 1.0
        }
      }
    },
    {
      "kp": 0.022209668867486876,
      "ki": 0.005444738018154336,
      "kd": 0.010773196752436244,
      "score": 10.848505682937674,
      "weighted_spin": 10.848505682937674,
      "success_penalty": 0.0,
      "by_wind": {
        "0.0": {
          "mean_spin": 3.675986649104267,
          "std_spin": 0.5682435952256643,
          "success_rate": 1.0
        },
        "2.0": {
          "mean_spin": 13.58805603911147,
          "std_spin": 5.830466643313303,
          "success_rate": 1.0
        },
        "5.0": {
          "mean_spin": 11.905530532061793,
          "std_spin": 6.892379350544178,
          "success_rate": 1.0
        }
      }
    },
    {
      "kp": 0.003733921739123075,
      "ki": 0.0025500697555593385,
      "kd": 0.015599874218002047,
      "score": 11.01642784477919,
      "weighted_spin": 11.01642784477919,
      "success_penalty": 0.0,
      "by_wind": {
        "0.0": {
          "mean_spin": 4.564917880848023,
          "std_spin": 0.6573526846451947,
          "success_rate": 1.0
        },