{
  "baseline": {
    "kp": 0.005208,
    "ki": 0.000324,
    "kd": 0.016524,
    "score": 27.19435976276306,
    "weighted_spin": 22.194359762763057,
    "success_penalty": 5.000000000000004,
    "by_wind": {
      "0.0": {
        "mean_spin": 11.237310505679979,
        "std_spin": 0.5585885218668427,
        "success_rate": 1.0
      },
      "2.0": {
        "mean_spin": 22.544054370512715,
        "std_spin": 10.140097146449667,
        "success_rate": 0.8
      },
      "5.0": {
        "mean_spin": 26.792174737661355,
        "std_spin": 9.653199692382335,
        "success_rate": 0.7
      }
    }
  },
  "optimized": {
    "kp": 0.13688527323791952,
    "ki": 0.02072514576259039,
    "kd": 0.05060220983443977,
    "score": 38.34200533551994,
    "weighted_spin": 23.34200533551994,
    "success_penalty": 15.000000000000002,
    "by_wind": {
      "0.0": {
        "mean_spin": 4.810103446090769,
        "std_spin": 0.5883462898931446,
        "success_rate": 1.0
      },
      "2.0": {
        "mean_spin": 20.652727417389386,
        "std_spin": 12.186459485226331,
        "success_rate": 0.9
      },
      "5.0": {
        "mean_spin": 33.67006677825667,
        "std_spin": 14.809514088770007,
        "success_rate": 0.5
      }
    }
  },
  "config_path": "configs/estes_c6_tab10.yaml",
  "wind_levels": [
    0.0,
    2.0,
    5.0
  ],
  "wind_weights": {
    "0.0": 0.2,
    "2.0": 0.35,
    "5.0": 0.45
  },
  "n_episodes": 10,
  "n_lhs_samples": 40,
  "lhs_top10": [
    {
      "kp": 0.1350683835252581,
      "ki": 0.020064488899381398,
      "kd": 0.04917125262759514,
      "score": 14.845463121412548,
      "weighted_spin": 14.845463121412548,
      "success_penalty": 0.0,
      "by_wind": {
        "0.0": {
          "mean_spin": 5.104266492474191,
          "std_spin": 0.37617252008472285,
          "success_rate": 1.0
        },
        "2.0": {
          "mean_spin": 17.321789444704528,
          "std_spin": 3.9381655418592976,
          "success_rate": 1.0
        },
        "5.0": {
          "mean_spin": 17.2488522606025,
          "std_spin": 1.8461529489579407,
          "success_rate": 1.0
        }
      }
    },
    {
      "kp": 0.18355608315630592,
      "ki": 0.04367744207068384,
      "kd": 0.07249268657427646,
      "score": 16.737826310117775,
      "weighted_spin": 16.737826310117775,
      "success_penalty": 0.0,
      "by_wind": {
        "0.0": {
          "mean_spin": 7.416456562342529,
          "std_spin": 0.4009624512001137,
          "success_rate": 1.0
        },
        "2.0": {
          "mean_spin": 15.755875466214585,
          "std_spin": 7.981459092115782,
          "success_rate": 1.0
        },
        "5.0": {
          "mean_spin": 21.644396854387033,
          "std_spin": 9.435227564074415,
          "success_rate": 0.8
        }
      }
    },
    {
      "kp": 0.10611625542727389,
      "ki": 0.045547470057999286,
      "kd": 0.10712494419539402,
      "score": 17.84577216408053,
      "weighted_spin": 17.84577216408053,
      "success_penalty": 0.0,
      "by_wind": {
        "0.0": {
          "mean_spin": 9.73426493533707,
          "std_spin": 0.3497082798162173,
          "success_rate": 1.0
        },
        "2.0": {
          "mean_spin": 17.357100349332377,
          "std_spin": 2.490193265463354,
          "success_rate": 1.0
        },
        "5.0": {
          "mean_spin": 21.830964566103958,
          "std_spin": 9.811775040435009,
          "success_rate": 0.8
        }
      }
    },
    {
      "kp": 0.07854847931922375,
      "ki": 0.00817874867729362,
      "kd": 0.04719828948524818,
      "score": 17.945095951896164,
      "weighted_spin": 17.945095951896164,
      "success_penalty": 0.0,
      "by_wind": {
        "0.0": {
          "mean_spin": 4.1601706361709585,
          "std_spin": 0.1992265254910988,
          "success_rate": 1.0
        },
        "2.0": {
          "mean_spin": 18.93235713546796,
          "std_spin": 5.662561259420254,
          "success_rate": 1.0
        },
        "5.0": {
          "mean_spin": 23.303859616107083,
          "std_spin": 6.012710100456122,
          "success_rate": 0.8
        }
      }
    },
    {
      "kp": 0.025068751933035236,
      "ki": 0.006351211111075471,
      "kd": 0.13369338581940238,
      "score": 18.117462644240504,
      "weighted_spin": 18.117462644240504,
      "success_penalty": 0.0,
      "by_wind": {
        "0.0": {
          "mean_spin": 11.122041609235955,
          "std_spin": 0.7777910405580546,
          "success_rate": 1.0
        },
        "2.0": {
          "mean_spin": 19.887429308596385,
          "std_spin": 6.938484471354681,
          "success_rate": 1.0
        },
        "5.0": {
          "mean_spin": 19.84989792085462,
          "std_spin": 4.712225302419653,
          "success_rate": 1.0
        }
      }
    },
    {
      "kp": 0.14407370876935918,
      "ki": 0.026187373911303734,
      "kd": 0.09798981456062032,
      "score": 19.294793484795896,
      "weighted_spin": 19.294793484795896,
      "success_penalty": 0.0,
      "by_wind": {
        "0.0": {
          "mean_spin": 9.111165652065775,
          "std_spin": 0.38974227721496296,
          "success_rate": 1.0
        },
        "2.0": {
          "mean_spin": 18.516867774599074,
          "std_spin": 7.818422744046485,
          "success_rate": 0.8
        },
        "5.0": {
          "mean_spin": 24.425903629495703,
          "std_spin": 4.684614601015711,
          "success_rate": 0.8
        }
      }
    },
    {
      "kp": 0.03525814635611887,
      "ki": 0.031453803207578596,
      "kd": 0.06760064258267424,
      "score": 19.711550878076796,
      "weighted_spin": 19.711550878076796,
      "success_penalty": 0.0,
      "by_wind": {
        "0.0": {
          "mean_spin": 6.852883941619757,
          "std_spin": 0.8473270591804816,
          "success_rate": 1.0
        },
        "2.0": {
          "mean_spin": 19.675761186179578,
          "std_spin": 12.719429824551645,
          "success_rate": 0.8
        },
        "5.0": {
          "mean_spin": 25.45435038797776,
          "std_spin": 12.659510888447858,
          "success_rate": 0.8
        }
      }
    },
    {
      "kp": 0.07604214292977088,
      "ki": 0.018269312064233795,
      "kd": 0.1918095659711647,
      "score": 19.944757112106693,
      "weighted_spin": 19.944757112106693,
      "success_penalty": 0.0,
      "by_wind": {
        "0.0": {
          "mean_spin": 12.687693798988523,
          "std_spin": 0.24952836565300074,
          "success_rate": 1.0
        },
        "2.0": {
          "mean_spin": 17.60992630977324,
          "std_spin": 3.6799106389297256,
          "success_rate": 1.0
        },
        "5.0": {
          "mean_spin": 24.986098097529677,
          "std_spin": 8.149640923383297,
          "success_rate": 0.8
        }
      }
    },
    {
      "kp": 0.055816001651383125,
      "ki": 0.027985894920116244,
      "kd": 0.027748152150744616,
      "score": 20.037853026644246,
      "weighted_spin": 20.037853026644246,
      "success_penalty": 0.0,
      "by_wind": {
        "0.0": {
          "mean_spin": 4.144392883137861,
          "std_spin": 0.6636507522710579,
          "success_rate": 1.0
        },
        "2.0": {
          "mean_spin": 17.994373316333743,
          "std_spin": 10.533172837015467,
          "success_rate": 0.8
        },
        "5.0": {
          "mean_spin": 28.690986198444143,
          "std_spin": 19.343307646791366,
          "success_rate": 0.8
        }
      }
    },
    {
      "kp": 0.018163426512895514,
      "ki": 0.048415347646735815,
      "kd": 0.057366584396911724,
      "score": 20.097001332460636,
      "weighted_spin": 20.097001332460636,
      "success_penalty": 0.0,
      "by_wind": {
        "0.0": {
          "mean_spin": 5.9022598913201465,
          "std_spin": 0.962557124929135,
          "success_rate": 1.0
        },
        "2.0": {
          "mean_spin": 17.253369904553644,