{
  "baseline": {
    "kp": 0.005208,
    "ki": 0.000324,
    "kd": 0.016524,
    "score": 15.6525772656504,
    "weighted_spin": 15.6525772656504,
    "success_penalty": 0.0,
    "by_wind": {
      "0.0": {
        "mean_spin": 2.190176096165833,
        "std_spin": 0.1787266716449942,
        "success_rate": 1.0
      },
      "2.0": {
        "mean_spin": 13.520279461708373,
        "std_spin": 14.009739541451708,
        "success_rate": 0.8
      },
      "5.0": {
        "mean_spin": 23.294320521820673,
        "std_spin": 18.03096832423657,
        "success_rate": 0.9
      }
    }
  },
  "optimized": {
    "kp": 0.03584579502458838,
    "ki": 0.03250226468004032,
    "kd": 0.06760061902314034,
    "score": 14.958018162800272,
    "weighted_spin": 14.958018162800272,
    "success_penalty": 0.0,
    "by_wind": {
      "0.0": {
        "mean_spin": 2.4073242729786974,
        "std_spin": 0.688129772950668,
        "success_rate": 1.0
      },
      "2.0": {
        "mean_spin": 15.594807444117254,
        "std_spin": 7.726675203788098,
        "success_rate": 0.9
      },
      "5.0": {
        "mean_spin": 20.040823783918878,
        "std_spin": 7.056055135276599,
        "success_rate": 0.9
      }
    }
  },
  "config_path": "configs/estes_c6_4fin_200hz.yaml",
  "wind_levels": [
    0.0,
    2.0,
    5.0
  ],
  "wind_weights": {
    "0.0": 0.2,
    "2.0": 0.35,
    "5.0": 0.45
  },
  "n_episodes": 10,
  "n_lhs_samples": 40,
  "lhs_top10": [
    {
      "kp": 0.03525814635611887,
      "ki": 0.031453803207578596,
      "kd": 0.06760064258267424,
      "score": 12.138296206725979,
      "weighted_spin": 12.138296206725979,
      "success_penalty": 0.0,
      "by_wind": {
        "0.0": {
          "mean_spin": 2.0643603804073956,
          "std_spin": 0.3557552159745655,
          "success_rate": 1.0
        },
        "2.0": {
          "mean_spin": 8.634410315131456,
          "std_spin": 3.556841489832919,
          "success_rate": 1.0
        },
        "5.0": {
          "mean_spin": 19.340845600774422,
          "std_spin": 7.155168734280945,
          "success_rate": 0.8
        }
      }
    },
    {
      "kp": 0.07854847931922375,
      "ki": 0.00817874867729362,
      "kd": 0.04719828948524818,
      "score": 12.8328583903633,
      "weighted_spin": 12.8328583903633,
      "success_penalty": 0.0,
      "by_wind": {
        "0.0": {
          "mean_spin": 2.184421021816818,
          "std_spin": 0.41438554868627986,
          "success_rate": 1.0
        },
        "2.0": {
          "mean_spin": 10.351935444446733,
          "std_spin": 5.996526929414805,
          "success_rate": 1.0
        },
        "5.0": {
          "mean_spin": 19.495103956541293,
          "std_spin": 8.933686876875448,
          "success_rate": 1.0
        }
      }
    },
    {
      "kp": 0.092187501861968,
      "ki": 0.03273463274883763,
      "kd": 0.1741706435385427,
      "score": 13.086934636497613,
      "weighted_spin": 13.086934636497613,
      "success_penalty": 0.0,
      "by_wind": {
        "0.0": {
          "mean_spin": 3.1635371225217503,
          "std_spin": 0.28539934850422116,
          "success_rate": 1.0
        },
        "2.0": {
          "mean_spin": 12.08243387712693,
          "std_spin": 7.6854938038000835,
          "success_rate": 1.0
        },
        "5.0": {
          "mean_spin": 18.27861189999742,
          "std_spin": 4.601209521086549,
          "success_rate": 1.0
        }
      }
    },
    {
      "kp": 0.06141032928103866,
      "ki": 0.02690064750198684,
      "kd": 0.2176903632911535,
      "score": 13.379228330118547,
      "weighted_spin": 13.379228330118547,
      "success_penalty": 0.0,
      "by_wind": {
        "0.0": {
          "mean_spin": 3.926959898791187,
          "std_spin": 0.2109919879459088,
          "success_rate": 1.0
        },
        "2.0": {
          "mean_spin": 17.14046456953425,
          "std_spin": 8.900274126449245,
          "success_rate": 1.0
        },
        "5.0": {
          "mean_spin": 14.654830557829609,
          "std_spin": 4.3641288318705005,
          "success_rate": 1.0
        }
      }
    },
    {
      "kp": 0.1778250859314953,
      "ki": 0.016347907147474663,
      "kd": 0.12104334725463167,
      "score": 13.629887374086142,
      "weighted_spin": 13.629887374086142,
      "success_penalty": 0.0,
      "by_wind": {
        "0.0": {
          "mean_spin": 2.270398476952935,
          "std_spin": 0.29622851348307944,
          "success_rate": 1.0
        },
        "2.0": {
          "mean_spin": 16.661256022148716,
          "std_spin": 8.019534617176122,
          "success_rate": 1.0
        },
        "5.0": {
          "mean_spin": 16.320817935430007,
          "std_spin": 7.5767619218499265,
          "success_rate": 1.0
        }
      }
    },
    {
      "kp": 0.15858255095923307,
      "ki": 0.0372206860262755,
      "kd": 0.2676088381150829,
      "score": 13.884164966511062,
      "weighted_spin": 13.884164966511062,
      "success_penalty": 0.0,
      "by_wind": {
        "0.0": {
          "mean_spin": 4.673855901131702,
          "std_spin": 0.4050467042998959,
          "success_rate": 1.0
        },
        "2.0": {
          "mean_spin": 16.174269491872252,
          "std_spin": 9.73559857760598,
          "success_rate": 0.8
        },
        "5.0": {
          "mean_spin": 16.196443253620963,
          "std_spin": 3.4859207242610806,
          "success_rate": 1.0
        }
      }
    },
    {
      "kp": 0.1350683835252581,
      "ki": 0.020064488899381398,
      "kd": 0.04917125262759514,
      "score": 14.177523853930708,
      "weighted_spin": 14.177523853930708,
      "success_penalty": 0.0,
      "by_wind": {
        "0.0": {
          "mean_spin": 2.579112061068507,
          "std_spin": 0.6185827090807037,
          "success_rate": 1.0
        },
        "2.0": {
          "mean_spin": 16.407161416462905,
          "std_spin": 6.51455214995842,
          "success_rate": 1.0
        },
        "5.0": {
          "mean_spin": 17.59821099101109,
          "std_spin": 7.149210135163227,
          "success_rate": 1.0
        }
      }
    },
    {
      "kp": 0.06573711768306728,
      "ki": 0.04391275893774904,
      "kd": 0.2875487436722394,
      "score": 14.299073729045357,
      "weighted_spin": 14.299073729045357,
      "success_penalty": 0.0,
      "by_wind": {
        "0.0": {
          "mean_spin": 4.790533570816321,
          "std_spin": 0.2330334804153498,
          "success_rate": 1.0
        },
        "2.0": {
          "mean_spin": 18.43941685761624,
          "std_spin": 7.131332928405497,
          "success_rate": 0.8
        },
        "5.0": {
          "mean_spin": 15.3048246993698,
          "std_spin": 6.115829277748756,
          "success_rate": 1.0
        }
      }
    },
    {
      "kp": 0.05010409727637893,
      "ki": 0.017189724693844645,
      "kd": 0.24634980521770827,
      "score": 14.716781058548158,
      "weighted_spin": 14.716781058548158,
      "success_penalty": 0.0,
      "by_wind": {
        "0.0": {
          "mean_spin": 4.366130146640195,
          "std_spin": 0.30281790920229684,
          "success_rate": 1.0
        },
        "2.0": {
          "mean_spin": 21.503859953064005,
          "std_spin": 13.158768734457052,
          "success_rate": 0.8
        },
        "5.0": {
          "mean_spin": 14.03823121255048,
          "std_spin": 8.981260468504626,
          "success_rate": 0.8
        }
      }
    },
    {
      "kp": 0.18355608315630592,
      "ki": 0.04367744207068384,
      "kd": 0.07249268657427646,
      "score": 14.868115937900296,
      "weighted_spin": 14.868115937900296,
      "success_penalty": 0.0,
      "by_wind": {
        "0.0": {
          "mean_spin": 2.2136933769860887,
          "std_spin": 0.39936805626908145,
          "success_rate": 1.0
        },
        "2.0": {
          "mean_spin": 12.351127949185281,
          "std_spin": 5.516332004947657,