{
  "baseline": {
    "kp": 0.005208,
    "ki": 0.000324,
    "kd": 0.016524,
    "score": 14.73342946235515,
    "weighted_spin": 14.73342946235515,
    "success_penalty": 0.0,
    "by_wind": {
      "0.0": {
        "mean_spin": 4.606281331938532,
        "std_spin": 0.4219779419196229,
        "success_rate": 1.0
      },
      "1.0": {
        "mean_spin": 14.8073842856839,
        "std_spin": 8.048948633377732,
        "success_rate": 0.95
      },
      "2.0": {
        "mean_spin": 16.535212706958326,
        "std_spin": 10.61279794953576,
        "success_rate": 0.9
      },
      "3.0": {
        "mean_spin": 15.230262530425057,
        "std_spin": 6.4821749648815965,
        "success_rate": 1.0
      },
      "5.0": {
        "mean_spin": 17.278643732745582,
        "std_spin": 6.130704634651578,
        "success_rate": 0.95
      }
    }
  },
  "optimized": {
    "kp": 0.018888444254881856,
    "ki": 0.024578766899626143,
    "kd": 0.11437149394679251,
    "score": 14.384685491022413,
    "weighted_spin": 14.384685491022413,
    "success_penalty": 0.0,
    "by_wind": {
      "0.0": {
        "mean_spin": 3.7028125489464947,
        "std_spin": 0.6701025056346936,
        "success_rate": 1.0
      },
      "1.0": {
        "mean_spin": 16.258486324916223,
        "std_spin": 9.914229317459167,
        "success_rate": 0.9
      },
      "2.0": {
        "mean_spin": 15.73752717649072,
        "std_spin": 7.7355968602860194,
        "success_rate": 0.95
      },
      "3.0": {
        "mean_spin": 12.823189471561056,
        "std_spin": 6.612788441748195,
        "success_rate": 1.0
      },
      "5.0": {
        "mean_spin": 18.184069747458086,
        "std_spin": 9.563008963339147,
        "success_rate": 0.85
      }
    }
  },
  "config_path": "configs/estes_c6_dryden_light.yaml",
  "wind_levels": [
    0.0,
    1.0,
    2.0,
    3.0,
    5.0
  ],
  "wind_weights": {
    "0.0": 0.11111111111111112,
    "1.0": 0.19444444444444442,
    "2.0": 0.19444444444444442,
    "3.0": 0.25,
    "5.0": 0.25
  },
  "n_episodes": 20,
  "n_lhs_samples": 80,
  "lhs_top10": [
    {
      "kp": 0.01792569749468649,
      "ki": 0.023689680755058732,
      "kd": 0.1169974382059128,
      "score": 12.740155119607701,
      "weighted_spin": 12.740155119607701,
      "success_penalty": 0.0,
      "by_wind": {
        "0.0": {
          "mean_spin": 3.9862365623674214,
          "std_spin": 0.5141143226699727,
          "success_rate": 1.0
        },
        "1.0": {
          "mean_spin": 16.37933567028409,
          "std_spin": 7.936852530384139,
          "success_rate": 0.9
        },
        "2.0": {
          "mean_spin": 12.111990882507223,
          "std_spin": 6.879708376033304,
          "success_rate": 1.0
        },
        "3.0": {
          "mean_spin": 11.43387072229384,
          "std_spin": 4.44159491888003,
          "success_rate": 1.0
        },
        "5.0": {
          "mean_spin": 15.595168409580424,
          "std_spin": 7.469388685958527,
          "success_rate": 0.9
        }
      }
    },
    {
      "kp": 0.15127673931807467,
      "ki": 0.012480721382027344,
      "kd": 0.06572384750482863,
      "score": 12.877022085839398,
      "weighted_spin": 12.877022085839398,
      "success_penalty": 0.0,
      "by_wind": {
        "0.0": {
          "mean_spin": 3.91649984947271,
          "std_spin": 0.6114754127947825,
          "success_rate": 1.0
        },
        "1.0": {
          "mean_spin": 12.144487508996864,
          "std_spin": 6.500323003599143,
          "success_rate": 1.0
        },
        "2.0": {
          "mean_spin": 12.404496606782583,
          "std_spin": 5.895404693577126,
          "success_rate": 1.0
        },
        "3.0": {
          "mean_spin": 14.656409607528577,
          "std_spin": 6.787715561314831,
          "success_rate": 1.0
        },
        "5.0": {
          "mean_spin": 16.01735782379047,
          "std_spin": 9.093210803696392,
          "success_rate": 0.9
        }
      }
    },
    {
      "kp": 0.12742704863818946,
      "ki": 0.014607362346922323,
      "kd": 0.09117490260885414,
      "score": 14.401863368223975,
      "weighted_spin": 14.401863368223975,
      "success_penalty": 0.0,
      "by_wind": {
        "0.0": {
          "mean_spin": 3.697069296186359,
          "std_spin": 0.7170705711289397,
          "success_rate": 1.0
        },
        "1.0": {
          "mean_spin": 15.764077564007513,
          "std_spin": 10.948383668831191,
          "success_rate": 0.9
        },
        "2.0": {
          "mean_spin": 12.809462823552938,
          "std_spin": 8.505444364867927,
          "success_rate": 0.9
        },
        "3.0": {
          "mean_spin": 16.05810033714645,
          "std_spin": 7.552518568171119,
          "success_rate": 1.0
        },
        "5.0": {
          "mean_spin": 17.682346480452942,
          "std_spin": 9.121858342681861,
          "success_rate": 0.9
        }
      }
    },
    {
      "kp": 0.15777633919444983,
      "ki": 0.008230783791440668,
      "kd": 0.08486647648695538,
      "score": 14.501334204278567,
      "weighted_spin": 14.501334204278567,
      "success_penalty": 0.0,
      "by_wind": {
        "0.0": {
          "mean_spin": 3.4668343462153843,
          "std_spin": 0.3068153905472267,
          "success_rate": 1.0
        },
        "1.0": {
          "mean_spin": 11.015305295643309,
          "std_spin": 10.024388541255252,
          "success_rate": 0.9
        },
        "2.0": {
          "mean_spin": 19.282059707136597,
          "std_spin": 11.369351451499822,
          "success_rate": 0.9
        },
        "3.0": {
          "mean_spin": 15.338049454817767,
          "std_spin": 8.978561170834707,
          "success_rate": 0.9
        },
        "5.0": {
          "mean_spin": 17.561854872927515,
          "std_spin": 9.771636920053034,
          "success_rate": 0.8
        }
      }
    },
    {
      "kp": 0.0267840698486995,
      "ki": 0.011532328939187056,
      "kd": 0.08136416439455647,
      "score": 14.810123102745631,
      "weighted_spin": 14.810123102745631,
      "success_penalty": 0.0,
      "by_wind": {
        "0.0": {
          "mean_spin": 3.582708171665144,
          "std_spin": 0.4678755817781994,
          "success_rate": 1.0
        },
        "1.0": {
          "mean_spin": 16.04237345979162,
          "std_spin": 7.159547773086747,
          "success_rate": 1.0
        },
        "2.0": {
          "mean_spin": 19.254119104783868,
          "std_spin": 9.887800393678406,
          "success_rate": 0.9
        },
        "3.0": {
          "mean_spin": 12.822397980719483,
          "std_spin": 6.783977742785269,
          "success_rate": 1.0
        },
        "5.0": {
          "mean_spin": 17.372952137075384,
          "std_spin": 6.451010217274701,
          "success_rate": 1.0
        }
      }
    },
    {
      "kp": 0.06013436783416351,
      "ki": 0.027402763933185064,
      "kd": 0.1511839957386474,
      "score": 14.81345656476158,
      "weighted_spin": 14.81345656476158,
      "success_penalty": 0.0,
      "by_wind": {
        "0.0": {
          "mean_spin": 4.967171117991082,
          "std_spin": 0.31999257751856025,
          "success_rate": 1.0
        },
        "1.0": {
          "mean_spin": 12.459059816281687,
          "std_spin": 7.053754649287756,
          "success_rate": 1.0
        },
        "2.0": {
          "mean_spin": 20.064995833511695,
          "std_spin": 9.696655034981362,
          "success_rate": 0.8
        },
        "3.0": {
          "mean_spin": 16.00989025643477,
          "std_spin": 6.038399916181697,
          "success_rate": 1.0
        },
        "5.0": {
          "mean_spin": 15.73981666699844,
          "std_spin": 4.734418640036165,
          "success_rate": 1.0
        }
      }
    },
    {
      "kp": 0.18521030803576116,
      "ki": 0.0453728168179528,
      "kd": 0.08977663960363538,
      "score": 14.862648605507337,