{
  "baseline": {
    "kp": 0.005208,
    "ki": 0.000324,
    "kd": 0.016524,
    "score": 18.3810419227733,
    "weighted_spin": 18.3810419227733,
    "success_penalty": 0.0,
    "by_wind": {
      "0.0": {
        "mean_spin": 4.597308262421295,
        "std_spin": 0.4823156763607857,
        "success_rate": 1.0
      },
      "1.0": {
        "mean_spin": 18.9845533246462,
        "std_spin": 10.098210711208159,
        "success_rate": 0.9
      },
      "2.0": {
        "mean_spin": 19.423097055880408,
        "std_spin": 13.356542936230639,
        "success_rate": 0.85
      },
      "3.0": {
        "mean_spin": 17.562273043380195,
        "std_spin": 7.048521518257744,
        "success_rate": 0.95
      },
      "5.0": {
        "mean_spin": 24.046029568449516,
        "std_spin": 12.472732144506685,
        "success_rate": 0.85
      }
    }
  },
  "optimized": {
    "kp": 0.16970967943044,
    "ki": 0.0016507904687812686,
    "kd": 0.10485290805271014,
    "score": 15.005816996767464,
    "weighted_spin": 15.005816996767464,
    "success_penalty": 0.0,
    "by_wind": {
      "0.0": {
        "mean_spin": 3.5955305806499,
        "std_spin": 0.5691642962990948,
        "success_rate": 1.0
      },
      "1.0": {
        "mean_spin": 14.52048944545804,
        "std_spin": 9.038335223299487,
        "success_rate": 0.95
      },
      "2.0": {
        "mean_spin": 15.939968923601365,
        "std_spin": 11.577459319120544,
        "success_rate": 0.9
      },
      "3.0": {
        "mean_spin": 15.866626738694114,
        "std_spin": 7.515631345503798,
        "success_rate": 1.0
      },
      "5.0": {
        "mean_spin": 18.867160036596253,
        "std_spin": 8.362177855510003,
        "success_rate": 0.85
      }
    }
  },
  "config_path": "configs/estes_c6_dryden_severe.yaml",
  "wind_levels": [
    0.0,
    1.0,
    2.0,
    3.0,
    5.0
  ],
  "wind_weights": {
    "0.0": 0.11111111111111112,
    "1.0": 0.19444444444444442,
    "2.0": 0.19444444444444442,
    "3.0": 0.25,
    "5.0": 0.25
  },
  "n_episodes": 20,
  "n_lhs_samples": 80,
  "lhs_top10": [
    {
      "kp": 0.16921549304669492,
      "ki": 0.0016684943269415907,
      "kd": 0.10155102503166236,
      "score": 14.453369395185323,
      "weighted_spin": 14.453369395185323,
      "success_penalty": 0.0,
      "by_wind": {
        "0.0": {
          "mean_spin": 3.8456531107912397,
          "std_spin": 0.684618370373127,
          "success_rate": 1.0
        },
        "1.0": {
          "mean_spin": 13.56514728793671,
          "std_spin": 9.849409645127206,
          "success_rate": 0.9
        },
        "2.0": {
          "mean_spin": 17.497744386769533,
          "std_spin": 6.533416240131498,
          "success_rate": 1.0
        },
        "3.0": {
          "mean_spin": 16.837722668875415,
          "std_spin": 7.0205415731180665,
          "success_rate": 0.9
        },
        "5.0": {
          "mean_spin": 15.106548893409357,
          "std_spin": 6.122209151788037,
          "success_rate": 1.0
        }
      }
    },
    {
      "kp": 0.022601126715348144,
      "ki": 0.015956566076852197,
      "kd": 0.0998007852191898,
      "score": 14.540988482792613,
      "weighted_spin": 14.540988482792613,
      "success_penalty": 0.0,
      "by_wind": {
        "0.0": {
          "mean_spin": 3.5375368785509087,
          "std_spin": 0.4902370007472417,
          "success_rate": 1.0
        },
        "1.0": {
          "mean_spin": 13.946225457213657,
          "std_spin": 7.293316166287201,
          "success_rate": 1.0
        },
        "2.0": {
          "mean_spin": 13.837452221615829,
          "std_spin": 7.863816070995239,
          "success_rate": 1.0
        },
        "3.0": {
          "mean_spin": 18.929452931829484,
          "std_spin": 8.338136167502828,
          "success_rate": 0.9
        },
        "5.0": {
          "mean_spin": 16.052735303117633,
          "std_spin": 7.646587899874382,
          "success_rate": 1.0
        }
      }
    },
    {
      "kp": 0.0267840698486995,
      "ki": 0.011532328939187056,
      "kd": 0.08136416439455647,
      "score": 14.718122860135297,
      "weighted_spin": 14.718122860135297,
      "success_penalty": 0.0,
      "by_wind": {
        "0.0": {
          "mean_spin": 3.8533139385804964,
          "std_spin": 0.6169331909899594,
          "success_rate": 1.0
        },
        "1.0": {
          "mean_spin": 15.036868167730798,
          "std_spin": 12.231229121993302,
          "success_rate": 0.9
        },
        "2.0": {
          "mean_spin": 15.60805478276247,
          "std_spin": 7.957367562645475,
          "success_rate": 0.9
        },
        "3.0": {
          "mean_spin": 14.38636615583159,
          "std_spin": 8.743474838279775,
          "success_rate": 0.9
        },
        "5.0": {
          "mean_spin": 18.938601239401287,
          "std_spin": 5.857994149515927,
          "success_rate": 1.0
        }
      }
    },
    {
      "kp": 0.18521030803576116,
      "ki": 0.0453728168179528,
      "kd": 0.08977663960363538,
      "score": 14.764967807032688,
      "weighted_spin": 14.764967807032688,
      "success_penalty": 0.0,
      "by_wind": {
        "0.0": {
          "mean_spin": 3.6008041444301453,
          "std_spin": 0.6283578635703824,
          "success_rate": 1.0
        },
        "1.0": {
          "mean_spin": 13.5990514815837,
          "std_spin": 9.006535980496041,
          "success_rate": 0.9
        },
        "2.0": {
          "mean_spin": 19.232132323977005,
          "std_spin": 8.324355697111526,
          "success_rate": 0.8
        },
        "3.0": {
          "mean_spin": 15.472176312023063,
          "std_spin": 9.418682292934777,
          "success_rate": 0.9
        },
        "5.0": {
          "mean_spin": 16.451972336480416,
          "std_spin": 8.841401201759366,
          "success_rate": 0.9
        }
      }
    },
    {
      "kp": 0.19358687038274466,
      "ki": 0.028371175432153502,
      "kd": 0.10808709069511681,
      "score": 14.874368869822073,
      "weighted_spin": 14.874368869822073,
      "success_penalty": 0.0,
      "by_wind": {
        "0.0": {
          "mean_spin": 3.900713910514191,
          "std_spin": 0.8967012644013747,
          "success_rate": 1.0
        },
        "1.0": {
          "mean_spin": 11.407067797533479,
          "std_spin": 8.461350205983742,
          "success_rate": 0.9
        },
        "2.0": {
          "mean_spin": 15.758698775071895,
          "std_spin": 10.305363550913587,
          "success_rate": 0.9
        },
        "3.0": {
          "mean_spin": 20.060253307678458,
          "std_spin": 10.70222760356973,
          "success_rate": 0.9
        },
        "5.0": {
          "mean_spin": 16.57464198824379,
          "std_spin": 8.128084996852794,
          "success_rate": 0.9
        }
      }
    },
    {
      "kp": 0.1815368543846796,
      "ki": 0.04299368695565187,
      "kd": 0.05899490728031016,
      "score": 15.100078039722327,
      "weighted_spin": 15.100078039722327,
      "success_penalty": 0.0,
      "by_wind": {
        "0.0": {
          "mean_spin": 3.7079631067939274,
          "std_spin": 0.5381826445016764,
          "success_rate": 1.0
        },
        "1.0": {
          "mean_spin": 17.908223521791843,
          "std_spin": 10.373554491720098,
          "success_rate": 0.8
        },
        "2.0": {
          "mean_spin": 16.955924231044506,
          "std_spin": 7.328884785482473,
          "success_rate": 0.9
        },
        "3.0": {
          "mean_spin": 14.483505267738854,
          "std_spin": 5.018301028669832,
          "success_rate": 1.0
        },
        "5.0": {
          "mean_spin": 17.15226392481377,
          "std_spin": 7.51739898314914,
          "success_rate": 1.0
        }
      }
    },
    {
      "kp": 0.05662015819816719,
      "ki": 0.034399897065593564,
      "kd": 0.134836850243205,
      "score": 15.452535094355254,