{
  "baseline": {
    "kp": 0.005208,
    "ki": 0.000324,
    "kd": 0.016524,
    "score": 13.349357497338488,
    "weighted_spin": 13.349357497338488,
    "success_penalty": 0.0,
    "by_wind": {
      "0.0": {
        "mean_spin": 4.817465307097319,
        "std_spin": 0.6011487062547278,
        "success_rate": 1.0
      },
      "2.0": {
        "mean_spin": 12.60865444715678,
        "std_spin": 5.953166359410299,
        "success_rate": 1.0
      },
      "5.0": {
        "mean_spin": 17.71741195425367,
        "std_spin": 7.891633003380957,
        "success_rate": 0.95
      }
    }
  },
  "optimized": {
    "kp": 0.021761471649430424,
    "ki": 0.005159218237856067,
    "kd": 0.007434190321341548,
    "score": 11.328673016587913,
    "weighted_spin": 11.328673016587913,
    "success_penalty": 0.0,
    "by_wind": {
      "0.0": {
        "mean_spin": 3.7142435292625167,
        "std_spin": 0.517008853252456,
        "success_rate": 1.0
      },
      "2.0": {
        "mean_spin": 11.186340383726469,
        "std_spin": 5.364118970580086,
        "success_rate": 1.0
      },
      "5.0": {
        "mean_spin": 14.82356705873588,
        "std_spin": 5.934741313383258,
        "success_rate": 1.0
      }
    }
  },
  "config_path": "configs/estes_c6_dryden_moderate.yaml",
  "controller_type": "PID",
  "imu": false,
  "wind_levels": [
    0.0,
    2.0,
    5.0
  ],
  "wind_weights": {
    "0.0": 0.2,
    "2.0": 0.35,
    "5.0": 0.45
  },
  "n_episodes": 20,
  "n_lhs_samples": 80,
  "lhs_top10": [
    {
      "kp": 0.02176498763604016,
      "ki": 0.0051592424346782245,
      "kd": 0.007079388873637219,
      "score": 9.652908521393309,
      "weighted_spin": 9.652908521393309,
      "success_penalty": 0.0,
      "by_wind": {
        "0.0": {
          "mean_spin": 3.7538441760409986,
          "std_spin": 0.7699531849766751,
          "success_rate": 1.0
        },
        "2.0": {
          "mean_spin": 9.708611277853162,
          "std_spin": 5.372438001434526,
          "success_rate": 1.0
        },
        "5.0": {
          "mean_spin": 12.231390530970007,
          "std_spin": 6.6776659993209675,
          "success_rate": 1.0
        }
      }
    },
    {
      "kp": 0.020273454421442016,
      "ki": 0.0002002193192329909,
      "kd": 0.012186123003799483,
      "score": 9.684945375403853,
      "weighted_spin": 9.684945375403853,
      "success_penalty": 0.0,
      "by_wind": {
        "0.0": {
          "mean_spin": 3.6830562943783662,
          "std_spin": 0.5304541711498211,
          "success_rate": 1.0
        },
        "2.0": {
          "mean_spin": 6.577158547347338,
          "std_spin": 3.6209209242644818,
          "success_rate": 1.0
        },
        "5.0": {
          "mean_spin": 14.769619166570246,
          "std_spin": 6.242442105305757,
          "success_rate": 1.0
        }
      }
    },
    {
      "kp": 0.023668710270469965,
      "ki": 0.004258320452431787,
      "kd": 0.017752614364258904,
      "score": 9.979291295871807,
      "weighted_spin": 9.979291295871807,
      "success_penalty": 0.0,
      "by_wind": {
        "0.0": {
          "mean_spin": 5.136434677273421,
          "std_spin": 0.477329324002616,
          "success_rate": 1.0
        },
        "2.0": {
          "mean_spin": 10.457435976103362,
          "std_spin": 4.991291051811995,
          "success_rate": 1.0
        },
        "5.0": {
          "mean_spin": 11.759781708402105,
          "std_spin": 3.3714657146668494,
          "success_rate": 1.0
        }
      }
    },
    {
      "kp": 0.022209668867486876,
      "ki": 0.005444738018154336,
      "kd": 0.010773196752436244,
      "score": 10.053858405157637,
      "weighted_spin": 10.053858405157637,
      "success_penalty": 0.0,
      "by_wind": {
        "0.0": {
          "mean_spin": 3.302332896958758,
          "std_spin": 0.6130063191406285,
          "success_rate": 1.0
        },
        "2.0": {
          "mean_spin": 13.186784715476554,
          "std_spin": 8.553168678669756,
          "success_rate": 0.9
        },
        "5.0": {
          "mean_spin": 10.617815945220205,
          "std_spin": 4.782692478570225,
          "success_rate": 1.0
        }
      }
    },
    {
      "kp": 0.019492673131336305,
      "ki": 0.0030510453109098027,
      "kd": 0.006387341428719334,
      "score": 10.146206287886827,
      "weighted_spin": 10.146206287886827,
      "success_penalty": 0.0,
      "by_wind": {
        "0.0": {
          "mean_spin": 3.6434533030214906,
          "std_spin": 0.532413689307482,
          "success_rate": 1.0
        },
        "2.0": {
          "mean_spin": 12.021064546993141,
          "std_spin": 5.181544948265154,
          "success_rate": 1.0
        },
        "5.0": {
          "mean_spin": 11.578095635188733,
          "std_spin": 4.767995259294313,
          "success_rate": 1.0
        }
      }
    },
    {
      "kp": 0.023223673783174355,
      "ki": 0.00340454105185842,
      "kd": 0.012970450883414015,
      "score": 10.2248025780573,
      "weighted_spin": 10.2248025780573,
      "success_penalty": 0.0,
      "by_wind": {
        "0.0": {
          "mean_spin": 3.9520881959801892,
          "std_spin": 0.4596495762372528,
          "success_rate": 1.0
        },
        "2.0": {
          "mean_spin": 11.126601555796922,
          "std_spin": 5.9474635071175195,
          "success_rate": 1.0
        },
        "5.0": {
          "mean_spin": 12.311276431849643,
          "std_spin": 8.382081314001374,
          "success_rate": 0.9
        }
      }
    },
    {
      "kp": 0.014992664901454324,
      "ki": 0.0021673774721183456,
      "kd": 0.006976570753556528,
      "score": 10.479438556465913,
      "weighted_spin": 10.479438556465913,
      "success_penalty": 0.0,
      "by_wind": {
        "0.0": {
          "mean_spin": 3.501891653230646,
          "std_spin": 0.6818088377686073,
          "success_rate": 1.0
        },
        "2.0": {
          "mean_spin": 13.493320773761571,
          "std_spin": 6.256877418869021,
          "success_rate": 1.0
        },
        "5.0": {
          "mean_spin": 11.236439900007188,
          "std_spin": 5.238769586526662,
          "success_rate": 1.0
        }
      }
    },
    {
      "kp": 0.00956682053262137,
      "ki": 0.0058305121881249275,
      "kd": 0.0025767277810444036,
      "score": 10.493018437671957,
      "weighted_spin": 10.493018437671957,
      "success_penalty": 0.0,
      "by_wind": {
        "0.0": {
          "mean_spin": 4.192505411236262,
          "std_spin": 0.3391644317063756,
          "success_rate": 1.0
        },
        "2.0": {
          "mean_spin": 9.62533541830916,
          "std_spin": 3.9692261173117678,
          "success_rate": 1.0
        },
        "5.0": {
          "mean_spin": 13.968111020036662,
          "std_spin": 5.060204224737382,
          "success_rate": 1.0
        }
      }
    },
    {
      "kp": 0.02274335984338955,
      "ki": 0.0016025104538797677,
      "kd": 0.005840534381732992,
      "score": 10.549978020625325,
      "weighted_spin": 10.549978020625325,
      "success_penalty": 0.0,
      "by_wind": {
        "0.0": {
          "mean_spin": 4.061991609860806,
          "std_spin": 0.6473536472483349,
          "success_rate": 1.0
        },
        "2.0": {
          "mean_spin": 10.992182017625595,
          "std_spin": 5.768942638812509,
          "success_rate": 1.0
        },
        "5.0": {
          "mean_spin": 13.089591094409348,
          "std_spin": 6.72432725847294,
          "success_rate": 1.0
        }
      }
    },
    {
      "kp": 0.015214853256201883,
      "ki": 0.0017528834816306785,
      "kd": 0.010940988313062497,
      "score": 10.576449598683176,
      "weighted_spin": 10.576449598683176,
      "success_penalty": 0.0,
      "by_wind": {
        "0.0": {
          "mean_spin": 3.916674642552439,
          "std_spin": 0.7017314687741314,
          "success_rate": 1.0
        },