{
  "baseline": {
    "kp": 0.005208,
    "ki": 0.000324,
    "kd": 0.016524,
    "score": 12.035539596516294,
    "weighted_spin": 12.035539596516294,
    "success_penalty": 0.0,
    "by_wind": {
      "0.0": {
        "mean_spin": 4.441104836538449,
        "std_spin": 0.5966513474625794,
        "success_rate": 1.0
      },
      "2.0": {
        "mean_spin": 11.83357879723169,
        "std_spin": 6.60253430103557,
        "success_rate": 0.95
      },
      "5.0": {
        "mean_spin": 15.567924555950029,
        "std_spin": 8.680529553131667,
        "success_rate": 0.95
      }
    }
  },
  "optimized": {
    "kp": 0.020288440895141757,
    "ki": 0.00021193005902199574,
    "kd": 0.011786326787282513,
    "score": 10.943235965627522,
    "weighted_spin": 10.943235965627522,
    "success_penalty": 0.0,
    "by_wind": {
      "0.0": {
        "mean_spin": 3.4028148529669706,
        "std_spin": 0.4731416737032451,
        "success_rate": 1.0
      },
      "2.0": {
        "mean_spin": 10.901854838495607,
        "std_spin": 4.976597598808422,
        "success_rate": 1.0
      },
      "5.0": {
        "mean_spin": 14.326719559023704,
        "std_spin": 6.748037233649417,
        "success_rate": 0.95
      }
    }
  },
  "config_path": "configs/estes_c6_sac_wind.yaml",
  "controller_type": "PID",
  "imu": false,
  "wind_levels": [
    0.0,
    2.0,
    5.0
  ],
  "wind_weights": {
    "0.0": 0.2,
    "2.0": 0.35,
    "5.0": 0.45
  },
  "n_episodes": 20,
  "n_lhs_samples": 80,
  "lhs_top10": [
    {
      "kp": 0.020273454421442016,
      "ki": 0.0002002193192329909,
      "kd": 0.012186123003799483,
      "score": 7.919268700097822,
      "weighted_spin": 7.919268700097822,
      "success_penalty": 0.0,
      "by_wind": {
        "0.0": {
          "mean_spin": 3.6966196312786197,
          "std_spin": 0.4164803048014963,
          "success_rate": 1.0
        },
        "2.0": {
          "mean_spin": 7.591957687342067,
          "std_spin": 3.649952554614535,
          "success_rate": 1.0
        },
        "5.0": {
          "mean_spin": 10.05057685171639,
          "std_spin": 4.189406439754545,
          "success_rate": 1.0
        }
      }
    },
    {
      "kp": 0.003031755823789939,
      "ki": 0.0013838794727024466,
      "kd": 0.009763699727346777,
      "score": 8.830365861437048,
      "weighted_spin": 8.830365861437048,
      "success_penalty": 0.0,
      "by_wind": {
        "0.0": {
          "mean_spin": 3.6811038902951028,
          "std_spin": 0.5929260065377946,
          "success_rate": 1.0
        },
        "2.0": {
          "mean_spin": 9.14087160966046,
          "std_spin": 4.201838537818916,
          "success_rate": 1.0
        },
        "5.0": {
          "mean_spin": 10.877422266659703,
          "std_spin": 4.553028137806316,
          "success_rate": 1.0
        }
      }
    },
    {
      "kp": 0.010449820896427271,
      "ki": 0.0032714040954316993,
      "kd": 0.008730423728577266,
      "score": 9.26386410761457,
      "weighted_spin": 9.26386410761457,
      "success_penalty": 0.0,
      "by_wind": {
        "0.0": {
          "mean_spin": 3.969685765124885,
          "std_spin": 0.6352136869417883,
          "success_rate": 1.0
        },
        "2.0": {
          "mean_spin": 7.720741745613135,
          "std_spin": 2.5080881424251724,
          "success_rate": 1.0
        },
        "5.0": {
          "mean_spin": 12.817038541388879,
          "std_spin": 5.099128579434449,
          "success_rate": 1.0
        }
      }
    },
    {
      "kp": 0.013489227941285691,
      "ki": 0.003111159667792398,
      "kd": 0.014987056509481464,
      "score": 9.671431360544663,
      "weighted_spin": 9.671431360544663,
      "success_penalty": 0.0,
      "by_wind": {
        "0.0": {
          "mean_spin": 4.122441969395906,
          "std_spin": 0.8387756243475928,
          "success_rate": 1.0
        },
        "2.0": {
          "mean_spin": 9.759057059200943,
          "std_spin": 5.461105554574989,
          "success_rate": 1.0
        },
        "5.0": {
          "mean_spin": 12.069495546544779,
          "std_spin": 6.306751208197226,
          "success_rate": 1.0
        }
      }
    },
    {
      "kp": 0.004224963622165543,
      "ki": 0.0022454193450057005,
      "kd": 0.01353560350104797,
      "score": 9.686064309192442,
      "weighted_spin": 9.686064309192442,
      "success_penalty": 0.0,
      "by_wind": {
        "0.0": {
          "mean_spin": 3.409079839610721,
          "std_spin": 0.4430532051785585,
          "success_rate": 1.0
        },
        "2.0": {
          "mean_spin": 8.684837410507244,
          "std_spin": 2.6424291454974345,
          "success_rate": 1.0
        },
        "5.0": {
          "mean_spin": 13.25456721687281,
          "std_spin": 6.864215877414389,
          "success_rate": 1.0
        }
      }
    },
    {
      "kp": 0.02274335984338955,
      "ki": 0.0016025104538797677,
      "kd": 0.005840534381732992,
      "score": 9.855944442091765,
      "weighted_spin": 9.855944442091765,
      "success_penalty": 0.0,
      "by_wind": {
        "0.0": {
          "mean_spin": 4.277187439572307,
          "std_spin": 0.8460709035038727,
          "success_rate": 1.0
        },
        "2.0": {
          "mean_spin": 10.943336394742172,
          "std_spin": 5.102867773960287,
          "success_rate": 1.0
        },
        "5.0": {
          "mean_spin": 11.489642702261207,
          "std_spin": 3.585432056074265,
          "success_rate": 1.0
        }
      }
    },
    {
      "kp": 0.022209668867486876,
      "ki": 0.005444738018154336,
      "kd": 0.010773196752436244,
      "score": 9.876133604250866,
      "weighted_spin": 9.876133604250866,
      "success_penalty": 0.0,
      "by_wind": {
        "0.0": {
          "mean_spin": 3.522406779326789,
          "std_spin": 0.5061071215389245,
          "success_rate": 1.0
        },
        "2.0": {
          "mean_spin": 11.214432524097202,
          "std_spin": 3.694645208571617,
          "success_rate": 1.0
        },
        "5.0": {
          "mean_spin": 11.659113033225527,
          "std_spin": 3.8474751030502876,
          "success_rate": 1.0
        }
      }
    },
    {
      "kp": 0.018101921075345882,
      "ki": 0.0014976865658432811,
      "kd": 0.007886861700579435,
      "score": 9.93172729093332,
      "weighted_spin": 9.93172729093332,
      "success_penalty": 0.0,
      "by_wind": {
        "0.0": {
          "mean_spin": 3.549278312205331,
          "std_spin": 0.42366505738158283,
          "success_rate": 1.0
        },
        "2.0": {
          "mean_spin": 7.9480380538010635,
          "std_spin": 3.3132865003702676,
          "success_rate": 1.0
        },
        "5.0": {
          "mean_spin": 14.311240688137516,
          "std_spin": 6.921675317360158,
          "success_rate": 1.0
        }
      }
    },
    {
      "kp": 0.004888871797196126,
      "ki": 0.0003208772887627458,
      "kd": 0.016540741021116127,
      "score": 10.040011898028599,
      "weighted_spin": 10.040011898028599,
      "success_penalty": 0.0,
      "by_wind": {
        "0.0": {
          "mean_spin": 5.047157511139737,
          "std_spin": 0.4860382799432871,
          "success_rate": 1.0
        },
        "2.0": {
          "mean_spin": 10.346908471332936,
          "std_spin": 3.271266112099815,
          "success_rate": 1.0
        },
        "5.0": {
          "mean_spin": 12.020360957409167,
          "std_spin": 2.9756795594975975,
          "success_rate": 1.0
        }
      }
    },
    {
      "kp": 0.001624941071794122,
      "ki": 0.004978632183269778,
      "kd": 0.015361095382620583,
      "score": 10.079775967731536,
      "weighted_spin": 10.079775967731536,
      "success_penalty": 0.0,
      "by_wind": {
        "0.0": {
          "mean_spin": 3.9250847010858543,
          "std_spin": 0.5724559723759453,
          "success_rate": 1.0
        },