{
  "baseline": {
    "kp": 0.05,
    "ki": 0.01,
    "kd": 0.08,
    "score": 16.796848139482524,
    "weighted_spin": 16.796848139482524,
    "success_penalty": 0.0,
    "by_wind": {
      "0.0": {
        "mean_spin": 3.8934611141792153,
        "std_spin": 0.6333794200779933,
        "success_rate": 1.0
      },
      "2.0": {
        "mean_spin": 16.544618121527638,
        "std_spin": 6.727786171696277,
        "success_rate": 1.0
      },
      "5.0": {
        "mean_spin": 22.727865720248907,
        "std_spin": 8.362275526183701,
        "success_rate": 0.85
      }
    }
  },
  "optimized": {
    "kp": 0.04338544623424145,
    "ki": 0.0026747676403261382,
    "kd": 0.13765966295056611,
    "score": 14.419491657112985,
    "weighted_spin": 14.419491657112985,
    "success_penalty": 0.0,
    "by_wind": {
      "0.0": {
        "mean_spin": 4.614418630402949,
        "std_spin": 0.5476985553324001,
        "success_rate": 1.0
      },
      "2.0": {
        "mean_spin": 15.671201200527666,
        "std_spin": 8.365520401009402,
        "success_rate": 0.95
      },
      "5.0": {
        "mean_spin": 17.803750024106026,
        "std_spin": 7.02391583388868,
        "success_rate": 0.9
      }
    }
  },
  "config_path": "configs/estes_c6_residual_sac_wind.yaml",
  "wind_levels": [
    0.0,
    2.0,
    5.0
  ],
  "wind_weights": {
    "0.0": 0.2,
    "2.0": 0.35,
    "5.0": 0.45
  },
  "n_episodes": 20,
  "n_lhs_samples": 80,
  "lhs_top10": [
    {
      "kp": 0.04212546267248974,
      "ki": 0.0026739774063562153,
      "kd": 0.13783950850930105,
      "score": 14.04210015059435,
      "weighted_spin": 14.04210015059435,
      "success_penalty": 0.0,
      "by_wind": {
        "0.0": {
          "mean_spin": 4.761756122933969,
          "std_spin": 0.5508677534202655,
          "success_rate": 1.0
        },
        "2.0": {
          "mean_spin": 16.960198066468713,
          "std_spin": 4.657776974545256,
          "success_rate": 1.0
        },
        "5.0": {
          "mean_spin": 15.897065783874462,
          "std_spin": 3.3857104153312365,
          "success_rate": 1.0
        }
      }
    },
    {
      "kp": 0.11317188299322962,
      "ki": 0.02592633056493665,
      "kd": 0.1248921375790122,
      "score": 15.155121012354488,
      "weighted_spin": 15.155121012354488,
      "success_penalty": 0.0,
      "by_wind": {
        "0.0": {
          "mean_spin": 3.998157229766406,
          "std_spin": 0.5427636641821441,
          "success_rate": 1.0
        },
        "2.0": {
          "mean_spin": 15.030520133568439,
          "std_spin": 7.237519331701721,
          "success_rate": 1.0
        },
        "5.0": {
          "mean_spin": 20.210683377005005,
          "std_spin": 8.827176283117689,
          "success_rate": 0.9
        }
      }
    },
    {
      "kp": 0.16921549304669492,
      "ki": 0.0016684943269415907,
      "kd": 0.10155102503166236,
      "score": 15.41881788762368,
      "weighted_spin": 15.41881788762368,
      "success_penalty": 0.0,
      "by_wind": {
        "0.0": {
          "mean_spin": 3.618536086115692,
          "std_spin": 0.6881369797671751,
          "success_rate": 1.0
        },
        "2.0": {
          "mean_spin": 15.189820891736048,
          "std_spin": 5.378296033457835,
          "success_rate": 1.0
        },
        "5.0": {
          "mean_spin": 20.841496351762054,
          "std_spin": 12.787674813736446,
          "success_rate": 0.8
        }
      }
    },
    {
      "kp": 0.10783868465094511,
      "ki": 0.01056266949284402,
      "kd": 0.1659908516362441,
      "score": 15.69708881592647,
      "weighted_spin": 15.69708881592647,
      "success_penalty": 0.0,
      "by_wind": {
        "0.0": {
          "mean_spin": 5.983565333080155,
          "std_spin": 0.49886899283980496,
          "success_rate": 1.0
        },
        "2.0": {
          "mean_spin": 18.775288406937854,
          "std_spin": 9.271874294648244,
          "success_rate": 0.9
        },
        "5.0": {
          "mean_spin": 17.62005512640487,
          "std_spin": 7.412050184733403,
          "success_rate": 0.9
        }
      }
    },
    {
      "kp": 0.05985751460934136,
      "ki": 0.01950550881877994,
      "kd": 0.17167302200192786,
      "score": 15.999425176939887,
      "weighted_spin": 15.999425176939887,
      "success_penalty": 0.0,
      "by_wind": {
        "0.0": {
          "mean_spin": 6.277546665066662,
          "std_spin": 0.5356492352254918,
          "success_rate": 1.0
        },
        "2.0": {
          "mean_spin": 17.626891766586635,
          "std_spin": 7.976193608301713,
          "success_rate": 0.9
        },
        "5.0": {
          "mean_spin": 19.054452723602743,
          "std_spin": 8.440822916136245,
          "success_rate": 0.9
        }
      }
    },
    {
      "kp": 0.09544584080630447,
      "ki": 0.03042538248188962,
      "kd": 0.09531193797069985,
      "score": 16.20913298462526,
      "weighted_spin": 16.20913298462526,
      "success_penalty": 0.0,
      "by_wind": {
        "0.0": {
          "mean_spin": 3.5253722196710973,
          "std_spin": 0.5128075506405516,
          "success_rate": 1.0
        },
        "2.0": {
          "mean_spin": 18.722777904728396,
          "std_spin": 7.823861121049855,
          "success_rate": 0.9
        },
        "5.0": {
          "mean_spin": 19.891302831191336,
          "std_spin": 4.529943283423822,
          "success_rate": 1.0
        }
      }
    },
    {
      "kp": 0.03664100383528057,
      "ki": 0.018711827875047507,
      "kd": 0.11279669584206643,
      "score": 16.248459552435293,
      "weighted_spin": 16.248459552435293,
      "success_penalty": 0.0,
      "by_wind": {
        "0.0": {
          "mean_spin": 3.5961613852350034,
          "std_spin": 0.46686772914357794,
          "success_rate": 1.0
        },
        "2.0": {
          "mean_spin": 19.354598237572702,
          "std_spin": 11.50543771690708,
          "success_rate": 0.8
        },
        "5.0": {
          "mean_spin": 19.45581753830632,
          "std_spin": 7.6939916269635615,
          "success_rate": 0.9
        }
      }
    },
    {
      "kp": 0.18521030803576116,
      "ki": 0.0453728168179528,
      "kd": 0.08977663960363538,
      "score": 16.749901358210288,
      "weighted_spin": 16.749901358210288,
      "success_penalty": 0.0,
      "by_wind": {
        "0.0": {
          "mean_spin": 3.6083380132670273,
          "std_spin": 0.5074795142001325,
          "success_rate": 1.0
        },
        "2.0": {
          "mean_spin": 16.344731409213164,
          "std_spin": 5.629063926561507,
          "success_rate": 1.0
        },
        "5.0": {
          "mean_spin": 22.90572836073839,
          "std_spin": 8.481523126854238,
          "success_rate": 0.8
        }
      }
    },
    {
      "kp": 0.05055357998038394,
      "ki": 0.01752227356152592,
      "kd": 0.2385568068518561,
      "score": 17.220737963482698,
      "weighted_spin": 17.220737963482698,
      "success_penalty": 0.0,
      "by_wind": {
        "0.0": {
          "mean_spin": 8.257262997946665,
          "std_spin": 0.3584038958463848,
          "success_rate": 1.0
        },
        "2.0": {
          "mean_spin": 18.524465527780592,
          "std_spin": 10.746675296277116,
          "success_rate": 0.9
        },
        "5.0": {
          "mean_spin": 20.19049428704479,
          "std_spin": 8.380917910127858,
          "success_rate": 0.9
        }
      }
    },
    {
      "kp": 0.18961905957582673,
      "ki": 0.013354253782331398,
      "kd": 0.04867111984777494,
      "score": 17.354917048837237,
      "weighted_spin": 17.354917048837237,
      "success_penalty": 0.0,
      "by_wind": {
        "0.0": {
          "mean_spin": 3.869498759289376,
          "std_spin": 0.5318656747209722,
          "success_rate": 1.0
        },
        "2.0": {
          "mean_spin": 16.723113066023558,
          "std_spin": 9.913743248801074,