{
  "baseline": {
    "kp": 0.005208,
    "ki": 0.000324,
    "kd": 0.016524,
    "score": 15.159877497685285,
    "weighted_spin": 15.159877497685285,
    "success_penalty": 0.0,
    "by_wind": {
      "0.0": {
        "mean_spin": 4.065415438210758,
        "std_spin": 0.5880402424267047,
        "success_rate": 1.0
      },
      "2.0": {
        "mean_spin": 17.233970833649614,
        "std_spin": 9.587736599163401,
        "success_rate": 0.8
      },
      "5.0": {
        "mean_spin": 18.477565818368372,
        "std_spin": 10.056244112042398,
        "success_rate": 0.8
      }
    },
    "q_ref": 500.0
  },
  "optimized": {
    "kp": 0.007877706283848339,
    "ki": 0.006,
    "kd": 0.014771501429784568,
    "score": 10.831970282771355,
    "weighted_spin": 10.831970282771355,
    "success_penalty": 0.0,
    "by_wind": {
      "0.0": {
        "mean_spin": 3.209007247153538,
        "std_spin": 0.46575339817763967,
        "success_rate": 1.0
      },
      "2.0": {
        "mean_spin": 12.602474707708076,
        "std_spin": 5.187561382780731,
        "success_rate": 1.0
      },
      "5.0": {
        "mean_spin": 12.842894856984046,
        "std_spin": 6.248737656128605,
        "success_rate": 1.0
      }
    },
    "q_ref": 5549.002754985008
  },
  "config_path": "configs/estes_c6_tab10.yaml",
  "controller_type": "GS-PID",
  "imu": false,
  "wind_levels": [
    0.0,
    2.0,
    5.0
  ],
  "wind_weights": {
    "0.0": 0.2,
    "2.0": 0.35,
    "5.0": 0.45
  },
  "n_episodes": 20,
  "n_lhs_samples": 80,
  "lhs_top10": [
    {
      "kp": 0.008099537470556688,
      "ki": 0.005883927361682771,
      "kd": 0.014085755431165522,
      "score": 8.517450453255258,
      "weighted_spin": 8.517450453255258,
      "success_penalty": 0.0,
      "by_wind": {
        "0.0": {
          "mean_spin": 3.0049033465003108,
          "std_spin": 0.370089654935568,
          "success_rate": 1.0
        },
        "2.0": {
          "mean_spin": 9.114510099163239,
          "std_spin": 4.260723918770329,
          "success_rate": 1.0
        },
        "5.0": {
          "mean_spin": 10.50309166499569,
          "std_spin": 6.096612040140889,
          "success_rate": 1.0
        }
      },
      "q_ref": 5856.917196832022
    },
    {
      "kp": 0.018373270612623952,
      "ki": 0.004793404711710815,
      "kd": 0.022959313269630407,
      "score": 8.620919490659713,
      "weighted_spin": 8.620919490659713,
      "success_penalty": 0.0,
      "by_wind": {
        "0.0": {
          "mean_spin": 3.323362991254387,
          "std_spin": 0.44107790256736834,
          "success_rate": 1.0
        },
        "2.0": {
          "mean_spin": 7.45115917302649,
          "std_spin": 3.9939534205148437,
          "success_rate": 1.0
        },
        "5.0": {
          "mean_spin": 11.885202626332365,
          "std_spin": 5.520521205121491,
          "success_rate": 1.0
        }
      },
      "q_ref": 4733.313483058181
    },
    {
      "kp": 0.02167228759838087,
      "ki": 0.0014501587238540277,
      "kd": 0.017328573958269883,
      "score": 8.989341354602532,
      "weighted_spin": 8.989341354602532,
      "success_penalty": 0.0,
      "by_wind": {
        "0.0": {
          "mean_spin": 3.224678010390884,
          "std_spin": 0.36465409434794643,
          "success_rate": 1.0
        },
        "2.0": {
          "mean_spin": 7.662914356489809,
          "std_spin": 3.251900074982737,
          "success_rate": 1.0
        },
        "5.0": {
          "mean_spin": 12.583079395006495,
          "std_spin": 4.541126201111603,
          "success_rate": 1.0
        }
      },
      "q_ref": 5522.162113007187
    },
    {
      "kp": 0.015359652694369685,
      "ki": 0.0016935509295158435,
      "kd": 0.005054099898744207,
      "score": 9.070202664144269,
      "weighted_spin": 9.070202664144269,
      "success_penalty": 0.0,
      "by_wind": {
        "0.0": {
          "mean_spin": 3.6572552967977074,
          "std_spin": 0.5879861345315116,
          "success_rate": 1.0
        },
        "2.0": {
          "mean_spin": 8.217099072038655,
          "std_spin": 4.198649311211592,
          "success_rate": 1.0
        },
        "5.0": {
          "mean_spin": 12.139482065713771,
          "std_spin": 5.395443064844428,
          "success_rate": 1.0
        }
      },
      "q_ref": 14429.584423863032
    },
    {
      "kp": 0.023618825209535284,
      "ki": 0.0011952712116064372,
      "kd": 0.00640278655926416,
      "score": 9.188542857673454,
      "weighted_spin": 9.188542857673454,
      "success_penalty": 0.0,
      "by_wind": {
        "0.0": {
          "mean_spin": 3.390745647271617,
          "std_spin": 0.43380749331886037,
          "success_rate": 1.0
        },
        "2.0": {
          "mean_spin": 11.47248342011811,
          "std_spin": 5.572714555194084,
          "success_rate": 1.0
        },
        "5.0": {
          "mean_spin": 9.988943402617318,
          "std_spin": 4.587933274897672,
          "success_rate": 1.0
        }
      },
      "q_ref": 12739.118999427783
    },
    {
      "kp": 0.021769549774725457,
      "ki": 0.0034749423413424543,
      "kd": 0.00913230682975414,
      "score": 9.274525190489062,
      "weighted_spin": 9.274525190489062,
      "success_penalty": 0.0,
      "by_wind": {
        "0.0": {
          "mean_spin": 3.2928674004605214,
          "std_spin": 0.4048629015192124,
          "success_rate": 1.0
        },
        "2.0": {
          "mean_spin": 7.234998553287431,
          "std_spin": 3.0726933076753356,
          "success_rate": 1.0
        },
        "5.0": {
          "mean_spin": 13.51933825943635,
          "std_spin": 6.215795176235605,
          "success_rate": 1.0
        }
      },
      "q_ref": 6096.586121071103
    },
    {
      "kp": 0.003396509857155876,
      "ki": 0.004132630565684155,
      "kd": 0.026838111438440265,
      "score": 9.620438964458588,
      "weighted_spin": 9.620438964458588,
      "success_penalty": 0.0,
      "by_wind": {
        "0.0": {
          "mean_spin": 3.391839686593965,
          "std_spin": 0.6894202718046328,
          "success_rate": 1.0
        },
        "2.0": {
          "mean_spin": 9.120386904443835,
          "std_spin": 6.121288313082783,
          "success_rate": 1.0
        },
        "5.0": {
          "mean_spin": 12.777634690187673,
          "std_spin": 5.161347904313605,
          "success_rate": 1.0
        }
      },
      "q_ref": 2048.4654861729587
    },
    {
      "kp": 0.021147720989159857,
      "ki": 0.005693833418378957,
      "kd": 0.008160417565418066,
      "score": 9.720451453367833,
      "weighted_spin": 9.720451453367833,
      "success_penalty": 0.0,
      "by_wind": {
        "0.0": {
          "mean_spin": 3.393992682682055,
          "std_spin": 0.459230955605798,
          "success_rate": 1.0
        },
        "2.0": {
          "mean_spin": 10.3327974282867,
          "std_spin": 4.277569837985107,
          "success_rate": 1.0
        },
        "5.0": {
          "mean_spin": 12.055941815402392,
          "std_spin": 4.763252785461696,
          "success_rate": 1.0
        }
      },
      "q_ref": 9265.538667945975
    },
    {
      "kp": 0.018241139872561717,
      "ki": 0.0005289012718914213,
      "kd": 0.004409874437415797,
      "score": 9.733796842568335,
      "weighted_spin": 9.733796842568335,
      "success_penalty": 0.0,
      "by_wind": {
        "0.0": {
          "mean_spin": 3.8722307585948585,
          "std_spin": 0.6864903346837423,
          "success_rate": 1.0
        },
        "2.0": {
          "mean_spin": 7.674967252263738,
          "std_spin": 2.000270990105781,
          "success_rate": 1.0
        },
        "5.0": {
          "mean_spin": 13.940249227904564,
          "std_spin": 7.874615102986827,
          "success_rate": 0.9
        }
      },
      "q_ref": 11192.128499873497
    },
    {
      "kp": 0.006137320896427272,
      "ki": 0.0011399040954316998,