{
  "baseline": {
    "kp": 0.005208,
    "ki": 0.000324,
    "kd": 0.016524,
    "score": 21.086298581890638,
    "weighted_spin": 16.086298581890635,
    "success_penalty": 5.000000000000004,
    "by_wind": {
      "0.0": {
        "mean_spin": 4.629541727307588,
        "std_spin": 0.6674919646330849,
        "success_rate": 1.0
      },
      "1.0": {
        "mean_spin": 17.23768278638493,
        "std_spin": 8.6920257172279,
        "success_rate": 0.95
      },
      "2.0": {
        "mean_spin": 15.261722982149118,
        "std_spin": 7.599694756430328,
        "success_rate": 0.95
      },
      "3.0": {
        "mean_spin": 14.693130202284816,
        "std_spin": 7.024217805135704,
        "success_rate": 0.95
      },
      "5.0": {
        "mean_spin": 22.31717442650343,
        "std_spin": 11.40819109036443,
        "success_rate": 0.7
      }
    }
  },
  "optimized": {
    "kp": 0.026784000962487887,
    "ki": 0.01153239916375883,
    "kd": 0.08543340278737649,
    "score": 20.06039618275081,
    "weighted_spin": 17.560396182750807,
    "success_penalty": 2.500000000000002,
    "by_wind": {
      "0.0": {
        "mean_spin": 3.6412728038935134,
        "std_spin": 0.4858010875239838,
        "success_rate": 1.0
      },
      "1.0": {
        "mean_spin": 15.778969878502352,
        "std_spin": 12.234238678497732,
        "success_rate": 0.8
      },
      "2.0": {
        "mean_spin": 22.177758947017722,
        "std_spin": 8.468906285968606,
        "success_rate": 0.85
      },
      "3.0": {
        "mean_spin": 16.973927313480345,
        "std_spin": 9.874442819084816,
        "success_rate": 0.9
      },
      "5.0": {
        "mean_spin": 22.12741375149905,
        "std_spin": 11.019581773840116,
        "success_rate": 0.75
      }
    }
  },
  "config_path": "configs/estes_c6_dryden_moderate.yaml",
  "wind_levels": [
    0.0,
    1.0,
    2.0,
    3.0,
    5.0
  ],
  "wind_weights": {
    "0.0": 0.11111111111111112,
    "1.0": 0.19444444444444442,
    "2.0": 0.19444444444444442,
    "3.0": 0.25,
    "5.0": 0.25
  },
  "n_episodes": 20,
  "n_lhs_samples": 80,
  "lhs_top10": [
    {
      "kp": 0.0267840698486995,
      "ki": 0.011532328939187056,
      "kd": 0.08136416439455647,
      "score": 13.423552632632447,
      "weighted_spin": 13.423552632632447,
      "success_penalty": 0.0,
      "by_wind": {
        "0.0": {
          "mean_spin": 3.6356753590745563,
          "std_spin": 0.4376846008580886,
          "success_rate": 1.0
        },
        "1.0": {
          "mean_spin": 9.832961604147236,
          "std_spin": 5.077502391813408,
          "success_rate": 1.0
        },
        "2.0": {
          "mean_spin": 11.487065084850355,
          "std_spin": 7.981920999526831,
          "success_rate": 0.9
        },
        "3.0": {
          "mean_spin": 16.087611681138913,
          "std_spin": 9.321051218384294,
          "success_rate": 0.9
        },
        "5.0": {
          "mean_spin": 19.408500153915174,
          "std_spin": 12.142666394783774,
          "success_rate": 0.9
        }
      }
    },
    {
      "kp": 0.013784831204079834,
      "ki": 0.04950141251439205,
      "kd": 0.159415594780323,
      "score": 14.764131576206097,
      "weighted_spin": 14.764131576206097,
      "success_penalty": 0.0,
      "by_wind": {
        "0.0": {
          "mean_spin": 5.80861012781637,
          "std_spin": 0.6515307380246483,
          "success_rate": 1.0
        },
        "1.0": {
          "mean_spin": 13.408628803328668,
          "std_spin": 4.21776923301104,
          "success_rate": 1.0
        },
        "2.0": {
          "mean_spin": 12.35817738801139,
          "std_spin": 6.251549128412365,
          "success_rate": 1.0
        },
        "3.0": {
          "mean_spin": 16.612163055512063,
          "std_spin": 5.6537136236966425,
          "success_rate": 1.0
        },
        "5.0": {
          "mean_spin": 19.82190948812945,
          "std_spin": 8.323566661927618,
          "success_rate": 0.8
        }
      }
    },
    {
      "kp": 0.06998118987971894,
      "ki": 0.008369900288884046,
      "kd": 0.10635961124651647,
      "score": 14.870751971744477,
      "weighted_spin": 14.870751971744477,
      "success_penalty": 0.0,
      "by_wind": {
        "0.0": {
          "mean_spin": 3.6533827954295077,
          "std_spin": 0.8521659336868905,
          "success_rate": 1.0
        },
        "1.0": {
          "mean_spin": 17.317593332558847,
          "std_spin": 10.040385646028051,
          "success_rate": 0.8
        },
        "2.0": {
          "mean_spin": 17.33379503501159,
          "std_spin": 11.269386171036965,
          "success_rate": 0.8
        },
        "3.0": {
          "mean_spin": 12.433859266530332,
          "std_spin": 6.583357582079806,
          "success_rate": 1.0
        },
        "5.0": {
          "mean_spin": 18.47434309214635,
          "std_spin": 10.173647410175752,
          "success_rate": 0.9
        }
      }
    },
    {
      "kp": 0.1815368543846796,
      "ki": 0.04299368695565187,
      "kd": 0.05899490728031016,
      "score": 14.932892553666433,
      "weighted_spin": 14.932892553666433,
      "success_penalty": 0.0,
      "by_wind": {
        "0.0": {
          "mean_spin": 3.9411913194711423,
          "std_spin": 0.9468249551609171,
          "success_rate": 1.0
        },
        "1.0": {
          "mean_spin": 16.1783853426298,
          "std_spin": 10.980413538807083,
          "success_rate": 0.8
        },
        "2.0": {
          "mean_spin": 15.864221143924183,
          "std_spin": 6.929282112883102,
          "success_rate": 0.9
        },
        "3.0": {
          "mean_spin": 14.74305581695476,
          "std_spin": 7.207499632453658,
          "success_rate": 1.0
        },
        "5.0": {
          "mean_spin": 18.31484654395959,
          "std_spin": 8.476349404418265,
          "success_rate": 0.8
        }
      }
    },
    {
      "kp": 0.12559157962070963,
      "ki": 0.018061478934319548,
      "kd": 0.05813808961297107,
      "score": 14.95130609445984,
      "weighted_spin": 14.95130609445984,
      "success_penalty": 0.0,
      "by_wind": {
        "0.0": {
          "mean_spin": 3.5636471017252034,
          "std_spin": 0.5781771518851527,
          "success_rate": 1.0
        },
        "1.0": {
          "mean_spin": 17.283183652610937,
          "std_spin": 8.790713869721108,
          "success_rate": 0.9
        },
        "2.0": {
          "mean_spin": 12.027636865768043,
          "std_spin": 4.925403390096775,
          "success_rate": 1.0
        },
        "3.0": {
          "mean_spin": 15.829714336080276,
          "std_spin": 5.334850906528777,
          "success_rate": 1.0
        },
        "5.0": {
          "mean_spin": 19.594362037808672,
          "std_spin": 9.478081358818562,
          "success_rate": 0.9
        }
      }
    },
    {
      "kp": 0.11620671325644776,
      "ki": 0.04492017382336791,
      "kd": 0.07018329219845586,
      "score": 15.35988282673528,
      "weighted_spin": 15.35988282673528,
      "success_penalty": 0.0,
      "by_wind": {
        "0.0": {
          "mean_spin": 3.5887137732792973,
          "std_spin": 0.4738336417586557,
          "success_rate": 1.0
        },
        "1.0": {
          "mean_spin": 17.01273803051599,
          "std_spin": 6.05221162750844,
          "success_rate": 1.0
        },
        "2.0": {
          "mean_spin": 15.143906073786834,
          "std_spin": 10.26196943795785,
          "success_rate": 0.8
        },
        "3.0": {
          "mean_spin": 12.065130234580316,
          "std_spin": 5.4700048465902045,
          "success_rate": 1.0
        },
        "5.0": {
          "mean_spin": 22.76869398089004,
          "std_spin": 12.526261536131852,
          "success_rate": 0.8
        }
      }
    },
    {
      "kp": 0.08806373784005138,
      "ki": 0.027261700795264167,
      "kd": 0.07275353107147722,